,id,user,followers,track_count,track_ids,track_added_at,track_added_by
0,1zZH4F9kVCM8U8OFW345mw,bedburger,0,22,"['1iPTSLcoezNpFMaXK29EsG', '607TgBgbTvP8CTgIHN0R6q', '01kxCMT4MUcJN1qVQ3sQzu', '27XVTa9Eb2nO6lhhY5SbTl', '6ZyLo7sln0QFP7YXqgXCU8', '25qiaiBRyMFOktyaeQSMon', '7fUWZUNj5qbEuoL6K9947g', '5UfqW3E0rt8umTM91HeHU7', '2PcREcTtGiNTUCM4g2Qg4Z', '7vuZGOA24pLl6JrEAIvitZ', '6hphlRTcnTJI8dUbJtN3Q2', '7KFhyyCJ0pX5QdgGxlOEgM', '0BVDKxhBV9ToDzFOqVptJg', '1QtFfkWKYRRI4Pj0lPDj1i', '7McVnXcGdaVAzjKpN1BWPb', '0vnXv1pYL1OjY4sOCWOmXH', '5FnRT97hnqXEK8rTA6FJzy', '4h6UIDvGWTYZvu4BLf2GpO', '1BRdeyNaPcblzeqaBum5TS', '5Rw35kLemvSdxXmpQveQ7B', '5peJfpkLPMilv44VqUa2AS', '6F0fXw4G0dqRWJnvWPZM67']","['2017-08-15T16:06:34Z', '2017-08-15T16:06:44Z', '2017-08-15T16:12:46Z', '2017-08-15T16:17:01Z', '2017-08-16T11:18:17Z', '2017-08-16T11:18:20Z', '2017-08-18T15:53:13Z', '2017-08-27T10:52:15Z', '2017-08-28T10:57:52Z', '2017-08-28T11:05:12Z', '2017-08-28T11:10:17Z', '2017-08-28T11:15:02Z', '2017-08-28T11:23:24Z', '2017-08-28T11:24:57Z', '2017-09-12T09:59:02Z', '2017-10-31T20:36:55Z', '2017-11-02T11:53:58Z', '2017-11-02T11:59:28Z', '2017-11-02T12:02:15Z', '2017-11-06T12:00:32Z', '2017-11-07T16:34:36Z', '2017-11-08T15:32:40Z']","['bedburger', 'bedburger', 'bedburger', 'bedburger', 'bedburger', 'bedburger', 'bedburger', 'bedburger', 'bedburger', 'bedburger', 'bedburger', 'bedburger', 'bedburger', 'bedburger', 'bedburger', 'bedburger', 'bedburger', 'bedburger', 'bedburger', 'bedburger', 'bedburger', 'bedburger']"
1,2NNSPyPzMX6rirunfmf1fJ,bedburger,0,49,"['3gZUflBBfgS3QiTSTg0hk0', '1COLVldV30fpjx4fIq2Ppl', '6PMXCAKSAH7GAZkmUwQ5hB', '40ZZYF9I8cGHEuT1h9Gw37', '5CRXFQWkF76srFTPXyttQr', '1PZhg68N9zUKtTn4FVket5', '6s9FAxwIwhUlu6zL2BgBPr', '3tUamcC8F9eEJ4TdOGUg3H', '18Lu6iY1XAcSVf7RYV07Gc', '2dUyeYCA2NBTvQmlZp836N', '7tyJFB3jI3zyUNI38rhLUG', '7zTx8ePYAmPFQuxP3xlXZn', '6nRt8NiaJpLYm1cfLl163X', '7Ktv8bQUjZt0rr16qgB4h2', '3jc9H5qb7dQT15WsYhmvzQ', '2kzRSiyignH8yzPTrWvyPo', '4Y8XcGssM81dwtlbjkqfm5', '3w23sQ5FSzCKEviFYf0nSQ', '0g90R7M0KuDCxQLWR4VhGt', '4adXg2LrZs0tbZe52xl2u2', '6y3IyUWmMpCZc2cTIMSHQ7', '12mGwph2YzDIlChtq3EdXP', '0HZPSRXPvmkoLMrC6G34eD', '1y9WGfneldwNla7V23z1Xu', '6OkP1t5se0cYZTfnNE5gC4', '0bdSc7kE4MawBG1eUdK1Ys', '0FjkcycxVB1Jd7mcdEDDWp', '4rPlGyDd3KkfUQyEiYZo0X', '0gCVSVA1ZTKc02P3U5ZuTh', '5W3yJnN6BIZ3dIgSAq96tq', '43Fl2TotpRbBIbAmwKaiR9', '2JfjUssnw7CloiEgzaXjou', '6eE5LWw0DpIbTOdKwDUoE8', '3A2waEDfZQfl6RNOn8Y1xW', '64cfNIF6xJsYcU44thqWcx', '0sNu1RdkrTUg7qmyOZYLgw', '0V1ZA2xfZ96vla7iIB8iIj', '62bZ9ZzGK8hoE1m8IV1Idk', '6vysuRr9w2PEmRoJFOKmQE', '2gBQ35qqBE75t00kV221Xy', '6ofKVSjtTu0ZHEarXBsSej', '0FknXlaOeXD7Vto1Hx9wtP', '7C64YJ6V2SS9khaxfy1Ml5', '10r1u1zcdCNgAiOFumByjS', '0ePeGyJeURzbmXvC8N9qHj', '6ppDvLfqpNsoi1Gv10hr9F', '0lmAiCUP6BPmf3H5eGd1Zs', '6VzukeHlH1qZ8klO7DYCca', '5SbQtDEMEZNmwMgqI8H59Y']","['2017-07-07T20:36:33Z', '2017-07-07T21:00:50Z', '2017-07-07T21:01:10Z', '2017-07-07T21:01:47Z', '2017-07-07T21:02:07Z', '2017-07-07T21:02:24Z', '2017-07-07T21:02:42Z', '2017-07-07T21:02:53Z', '2017-07-07T21:02:58Z', '2017-07-07T21:04:03Z', '2017-07-10T06:47:42Z', '2017-07-10T06:48:11Z', '2017-07-10T06:49:47Z', '2017-07-10T06:50:08Z', '2017-07-10T06:52:31Z', '2017-07-10T06:52:44Z', '2017-07-10T06:52:54Z', '2017-07-10T06:52:59Z', '2017-07-10T06:54:58Z', '2017-07-10T06:55:20Z', '2017-07-10T06:55:38Z', '2017-07-10T07:00:34Z', '2017-07-10T07:00:55Z', '2017-07-10T07:01:23Z', '2017-07-10T07:01:32Z', '2017-07-10T07:02:20Z', '2017-07-10T07:03:04Z', '2017-07-10T07:03:11Z', '2017-07-10T07:03:34Z', '2017-07-10T07:03:52Z', '2017-07-17T08:49:53Z', '2017-08-04T10:33:06Z', '2017-08-04T10:34:29Z', '2017-08-07T09:13:33Z', '2017-08-10T13:19:34Z', '2017-08-10T13:23:34Z', '2017-10-10T12:51:49Z', '2017-10-10T12:55:28Z', '2017-10-10T12:57:19Z', '2017-10-10T12:57:31Z', '2017-10-10T13:02:15Z', '2017-10-10T13:02:20Z', '2017-10-10T13:04:45Z', '2017-10-10T13:06:19Z', '2017-10-10T13:06:45Z', '2017-10-10T13:08:25Z', '2017-10-10T16:46:19Z', '2017-11-13T20:37:55Z', '2017-11-17T12:48:38Z']","['bedburger', 'bedburger', 'bedburger', 'bedburger', 'bedburger', 'bedburger', 'bedburger', 'bedburger', 'bedburger', 'bedburger', 'bedburger', 'bedburger', 'bedburger', 'bedburger', 'bedburger', 'bedburger', 'bedburger', 'bedburger', 'bedburger', 'bedburger', 'bedburger', 'bedburger', 'bedburger', 'bedburger', 'bedburger', 'bedburger', 'bedburger', 'bedburger', 'bedburger', 'bedburger', 'bedburger', 'bedburger', 'bedburger', 'bedburger', 'bedburger', 'bedburger', 'bedburger', 'bedburger', 'bedburger', 'bedburger', 'bedburger', 'bedburger', 'bedburger', 'bedburger', 'bedburger', 'bedburger', 'bedburger', 'bedburger', 'bedburger']"
2,4Tsdxa3flLaQzajqOCsxFu,11132487979,1221,97,"['30oVIacUk12egDsxhcHSXR', '1L3vQnY3Fr5jiBCJ7JLDYZ', '15SdbsEo0dnTDzM8R4t2PR', '160gj6J7tA9wtxKWZgjazU', '7bhn2VGQcZlSKFvYXshYSh', '5EzopMBGggDNkYUkm8VcHo', '2oIMwrU2oyHRkmYxMnp8Pn', '1j3gAXr7iWZy2SnkhXQmK6', '2xtHFzuxpM84XungE76rxI', '7vnUAC0vYluIXJ8A3vNman', '6R4hK17NeaXpkDIjIn0z5l', '07bGk21nNfohTGeNurNYn3', '3QT7tkNQgbX92hO3fqaUFq', '3n7OaMoO040LgQSArurQQc', '4ZPhBFNPlOlPjYFbO4aPXi', '00H0Uow5p1fUk6Jcut2uKF', '4P4jv87uDZd2drqpl8TR6j', '2yLzr6qj8frPbRma2zQ75m', '6oAMlMdA8MXKEL258fv1pY', '35vyXjWcnI5ORETjfDB5fs', '3CQ5Nzo3iiARMOVNbPiR1C', '7K7utQwcZSfB5fLqya8jXX', '1RKTFopH0g1UbySqT4CXmX', '4TnBpipubhI0zlhDN5soNu', '2kmmHrqzTNZMxD6qZgWZer', '3G5ep2d5GuSqhJ7ZuWnx2c', '5MrKlRyLDdtjSDFTiJuxzP', '4ALsV562zR6rVevRS49pRC', '5SEqC99drulZILGMhaInSF', '6T7zO2BaMO3j1MVvPJsXQQ', '0plhCJW8bIOGSzeiQRygnW', '71O1XRAF1ndPe6wOG2cEIB', '6Ts8QDvUaauuThPvIY33In', '2PxP7a9QxJzuRIBIxuyMEp', '5v28YlywpNDptpicDbFvK0', '2VgWoQTUcpfJ3cAG9znNHo', '014S84Cgs1uGmWOIW6V9U9', '33rAVAW0kwoO85fDwOkt0R', '4Xwst646GZhwqwBI7QTqIP', '7rIB6KfwlwtERxsg2dlXHK', '0snDw9DJHa3AVCso1LEmhM', '6CmsmQkg655kIZmg22IlVD', '5R39IIcLxtwBgMZXkbiHee', '2AoLwwUENIN95pzatbGWZS', '4o1BFoD9L4bUGzaSD7W2Kc', '2uSwMfdqT9k79j5Q7wAbgF', '6uWNplQplYgelgZoXHibz8', '3En5yIDbHWtJ52a014EOTJ', '5O9uS3g4ol0JqraYeDMg5z', '1Q9WtjLnMCSsdVdKxAWtLy', '3rW7gy6OYywZjbv1Pkg2nl', '6jtYXZhC7s7Y0GU3ECWRFw', '3gEI16iBx9dhWyVM1gIpqV', '5DwS9pSZxsdyRHoJ8K3ABi', '57GkfFGr5YpwVFd6NBpmex', '5osd2xKZQPLlMQDEicAsUg', '4ZkPkib5qPy9PzwMA6GSsp', '4ZEMVd6s4v3xVqMIzdxH4c', '1xr7tHR4OkB2Gs0CpOnT78', '7tgFeqjKrGIYjoX5PLUMBA', '3hOhDGUTE3grptNkZIUgb3', '2whr4P3J7OsGplVeBYIgKg', '7qQ0u8vn49tgYkbPLinmjw', '5Tt8gDvrllVMDaZdXjRkZ4', '4UvGBQU3zPO5IcagzHDIxS', '5lYMGNXk3KnB53Pah8qDKp', '2xaL0XBY1vNyBtQm0MU1Zz', '3uwKVa4ZKLBK12GeLTFvsb', '1OBzNTzRD7MOccaSx8n61L', '0MRp1Do2ESGegOJlPtPhpG', '452UtwWv5XimFx8gQZTg8G', '3lt6PTjTGbwglakwJutRNi', '2mqy9DgqhPw00K8pQV0LTk', '0JywEJxQHFJm5SPy3StDW5', '568xbiEUTPD6R12Bh6ETuD', '0f4UmXYRT9BHWfkYJ4DqaO', '0Y11z9JBKxxowIUCTL9MOa', '4S2wObNRZGnyUSmzOU7g9N', '0HWPuNDAJmMqlWKUz087FV', '2ehqDa6cYADDKB67Dr6Jp4', '3BOM5NgS19Pn8Wz93MwtzM', '3SZGpUvsQHQI3Hx28gXvZ9', '3WibcMTQmEomwQEbYvYkFk', '30wUXhH7EUK84rVYN24KyF', '1MVoQd8dYib1BF15TzJ5zM', '32xoxSeOkavcqGpg2nBRAj', '19g3K4hcFR9UZPcjLruauL', '0NKkF9CFhV7FLXIXZrhNgO', '4DyAbOJDEeJjPU3hLkKtq1', '4hGmvfTjnNNM8VYtET5MYW', '0tpeuZBw1I7tczNWMJs1fS', '4vMPpmbHrk9Kb7IUAcgHeQ', '0rX9EAAbMVw1nmyDU7Ss0m', '1ylQpqd0EPHy3yTgCIltmn', '6cs5v5ZVxumtWiIZDgdOyr', '7FyO26I274iyCoYM5JcYOS', '1zK11DkG1eDt5VPY248Gss']","['2017-09-13T22:41:04Z', '2017-08-31T14:22:21Z', '2017-08-31T14:22:21Z', '2017-08-31T14:22:21Z', '2017-08-31T14:22:21Z', '2017-08-31T14:22:21Z', '2017-11-24T13:10:06Z', '2017-11-24T13:10:06Z', '2017-11-24T13:10:06Z', '2017-11-24T13:10:06Z', '2017-11-24T13:10:06Z', '2017-11-24T13:10:06Z', '2017-11-24T13:10:06Z', '2017-11-24T13:10:06Z', '2017-11-24T13:10:06Z', '2017-11-24T13:10:06Z', '2017-11-24T13:10:06Z', '2017-11-24T13:10:06Z', '2017-09-05T01:28:12Z', '2017-04-14T20:56:22Z', '2016-11-22T21:28:40Z', '2016-11-22T21:30:00Z', '2017-03-23T22:59:23Z', '2016-11-22T21:35:12Z', '2017-09-05T01:28:12Z', '2017-11-24T13:10:06Z', '2016-11-22T21:38:54Z', '2017-09-05T01:28:12Z', '2017-09-05T01:28:12Z', '2017-09-05T01:28:12Z', '2017-07-02T04:55:30Z', '2016-11-22T21:39:22Z', '2016-11-22T21:45:04Z', '2016-11-23T13:40:38Z', '2016-11-23T13:41:06Z', '2016-11-25T00:36:04Z', '2016-12-13T17:51:13Z', '2016-12-13T17:51:21Z', '2016-12-22T16:09:16Z', '2017-01-01T23:55:48Z', '2017-01-01T23:56:01Z', '2017-01-01T23:56:18Z', '2017-03-14T14:26:13Z', '2017-03-23T22:58:32Z', '2017-04-14T20:56:46Z', '2017-04-29T18:15:20Z', '2017-04-29T18:15:39Z', '2017-04-29T18:16:00Z', '2017-04-29T18:16:06Z', '2017-04-29T18:17:24Z', '2017-06-01T14:08:51Z', '2017-06-01T14:08:59Z', '2017-06-01T14:10:51Z', '2017-06-26T14:25:26Z', '2017-06-26T14:25:52Z', '2017-06-26T14:29:19Z', '2017-06-26T14:29:43Z', '2017-06-26T14:30:27Z', '2017-06-28T19:22:04Z', '2017-07-29T17:21:01Z', '2017-07-29T17:21:31Z', '2017-07-29T17:22:41Z', '2017-07-29T17:23:09Z', '2017-07-29T17:23:48Z', '2017-07-29T17:25:19Z', '2017-07-29T17:26:51Z', '2017-07-29T17:27:03Z', '2017-07-29T17:28:11Z', '2017-07-29T17:28:21Z', '2017-07-29T17:28:29Z', '2017-07-29T17:28:58Z', '2017-07-29T17:29:43Z', '2017-07-29T17:29:59Z', '2017-07-29T17:31:47Z', '2017-07-29T17:32:49Z', '2017-07-29T17:32:49Z', '2017-07-29T17:32:49Z', '2017-07-29T17:32:49Z', '2017-08-28T01:48:44Z', '2017-08-28T01:49:06Z', '2017-08-28T01:50:57Z', '2017-09-05T01:32:20Z', '2017-09-05T02:12:50Z', '2017-09-11T15:27:23Z', '2017-09-11T15:33:40Z', '2017-09-11T15:34:32Z', '2017-09-17T16:23:11Z', '2017-09-17T16:23:30Z', '2017-09-17T16:23:51Z', '2017-09-17T16:25:04Z', '2017-09-17T16:25:16Z', '2017-11-24T13:22:05Z', '2017-11-24T13:22:05Z', '2017-11-24T13:22:05Z', '2017-11-24T13:22:05Z', '2017-11-24T13:22:05Z', '2017-11-24T13:22:05Z']","['11132487979', '11132487979', '11132487979', '11132487979', '11132487979', '11132487979', '11132487979', '11132487979', '11132487979', '11132487979', '11132487979', '11132487979', '11132487979', '11132487979', '11132487979', '11132487979', '11132487979', '11132487979', '11132487979', '11132487979', '11132487979', '11132487979', '11132487979', '11132487979', '11132487979', '11132487979', '11132487979', '11132487979', '11132487979', '11132487979', '11132487979', '11132487979', '11132487979', '11132487979', '11132487979', '11132487979', '11132487979', '11132487979', '11132487979', '11132487979', '11132487979', '11132487979', '11132487979', '11132487979', '11132487979', '11132487979', '11132487979', '11132487979', '11132487979', '11132487979', '11132487979', '11132487979', '11132487979', '11132487979', '11132487979', '11132487979', '11132487979', '11132487979', '11132487979', '11132487979', '11132487979', '11132487979', '11132487979', '11132487979', '11132487979', '11132487979', '11132487979', '11132487979', '11132487979', '11132487979', '11132487979', '11132487979', '11132487979', '11132487979', '11132487979', '11132487979', '11132487979', '11132487979', '11132487979', '11132487979', '11132487979', '11132487979', '11132487979', '11132487979', '11132487979', '11132487979', '11132487979', '11132487979', '11132487979', '11132487979', '11132487979', '11132487979', '11132487979', '11132487979', '11132487979', '11132487979', '11132487979']"
3,1htcDuaFgxGe9ALHYVumSI,1214248943,2,11,"['0z95CqBxQnSQhNnoWTZJKL', '0FE9t6xYkqWXU2ahLh6D8X', '152lZdxL1OR0ZMW6KquMif', '5pqUc0SPA1EmhdOyD9Ou45', '6gpcs5eMhJwax4mIfKDYQk', '3Px934J0dBoCmpUhUuCQkD', '1F2HXIJrE2Xn81OzT2zZvW', '6EpRaXYhGOB3fj4V2uDkMJ', '54LGxQGf5LPXNGjtzDZ5IE', '6jA8HL9i4QGzsj6fjoxp8Y', '5UovOIHPc1KchMHzwKHDYi']","['2017-04-18T01:22:07Z', '2017-04-18T01:22:30Z', '2017-04-18T01:22:36Z', '2017-04-18T01:22:41Z', '2017-04-18T01:23:16Z', '2017-04-18T01:23:54Z', '2017-04-29T14:16:56Z', '2017-06-01T15:44:12Z', '2017-06-05T18:56:34Z', '2017-06-07T21:51:04Z', '2017-09-22T21:34:42Z']","['1214248943', '1214248943', '1214248943', '1214248943', '1214248943', '1214248943', '1214248943', '1214248943', '1214248943', '1214248943', '1214248943']"
4,73bUQfQrAeJ63DeCvYR7XD,tobykeithofficial,5021,37,"['1Zocw1rD4cBv1rRRsFI0Pj', '7G6l2FtQyRhQgYgut2I6i8', '1hz0VXAmd1gi8VOyDLaGCC', '47nm8czanMUzIqHsnr5x61', '7pWSdjUXBKksqggB49v0RE', '1vD4DN56ued7pQklJBDesw', '5bS3tVEOQ62Tn6ilUlJ2dB', '199EfzKMgEdydDJaGcDbl9', '7hhhV61dsJvZmS526eGC1f', '2EZWdLnLPwL97JcfNlBoM1', '0sl8awl4hoj9cjU2AJqBjl', '4WygRabom8WGpPb44r40sK', '7Fp7exV0jaFyuNKvOekt4T', '7LimFGKop84KMDutqYaNIF', '2mYs6cavjhAnt3l2YiMAks', '3uNQRCQyZHrChtP6vIP7kV', '6ylIRHZgrcwOrfCMe010T3', '73hlXep4OHLx28ewDZXexh', '45KTp2W9L8QWP6r9wGKLVH', '3BPge8hHdq2fQIXUJrICcT', '3bJTrGKnrJs3eHKj5ecya0', '5pxwZSyZlias88fmxGTaYN', '4qjQGcyqNd6fKWFADrdFRF', '5AuME9eoCTWfpcFSR6PZzg', '6hDkCNq4s5ozvE86RqRIIz', '33ap5PegY9fqcutvyUBdAF', '7nW2vquVZGj6dV1332Kpk9', '38CLzOEWFXZf0sMQcjI8Gz', '4LYVmQvqgrgleZvXttn6PB', '5taqvRgn1DdZ117p2DhPXQ', '3E6t25sxh6v5FDSfIVIAOz', '6CBRI05fAHw76JqDk2IRkK', '5xv0IFK4Xq3mBqBZQVOWFL', '0x7Yp9FYMcTH9u1hxxnh4e', '3vzmDjQ7E6gzAVg4ecp6XU', '3w2dWydJIt3fyaleu5Vtzn', '0M7mWKqwTIaVjYyxfZmtTa']","['2017-08-07T17:00:00Z', '2017-08-07T17:00:10Z', '2017-08-25T17:07:42Z', '2017-08-07T17:00:17Z', '2017-08-07T17:00:23Z', '2017-08-07T17:00:29Z', '2017-08-07T17:01:06Z', '2017-08-07T17:01:42Z', '2017-08-07T17:01:47Z', '2017-08-07T17:01:53Z', '2017-08-07T17:02:00Z', '2017-08-07T17:02:04Z', '2017-08-07T17:02:09Z', '2017-08-07T17:02:15Z', '2017-08-07T17:02:21Z', '2017-08-07T17:02:31Z', '2017-08-07T17:02:36Z', '2017-08-07T17:02:40Z', '2017-08-07T17:02:45Z', '2017-08-15T23:50:05Z', '2017-08-07T17:02:51Z', '2017-08-07T17:02:59Z', '2017-08-07T17:03:05Z', '2017-08-07T17:03:11Z', '2017-08-07T17:03:17Z', '2017-08-07T17:03:23Z', '2017-08-07T17:03:29Z', '2017-08-07T17:03:34Z', '2017-08-07T17:03:41Z', '2017-08-07T17:03:47Z', '2017-08-07T17:03:52Z', '2017-08-07T17:03:58Z', '2017-08-07T17:04:05Z', '2017-08-07T17:04:11Z', '2017-08-07T17:04:22Z', '2017-08-07T17:04:27Z', '2017-08-07T17:04:32Z']","['tobykeithofficial', 'tobykeithofficial', 'tobykeithofficial', 'tobykeithofficial', 'tobykeithofficial', 'tobykeithofficial', 'tobykeithofficial', 'tobykeithofficial', 'tobykeithofficial', 'tobykeithofficial', 'tobykeithofficial', 'tobykeithofficial', 'tobykeithofficial', 'tobykeithofficial', 'tobykeithofficial', 'tobykeithofficial', 'tobykeithofficial', 'tobykeithofficial', 'tobykeithofficial', 'tobykeithofficial', 'tobykeithofficial', 'tobykeithofficial', 'tobykeithofficial', 'tobykeithofficial', 'tobykeithofficial', 'tobykeithofficial', 'tobykeithofficial', 'tobykeithofficial', 'tobykeithofficial', 'tobykeithofficial', 'tobykeithofficial', 'tobykeithofficial', 'tobykeithofficial', 'tobykeithofficial', 'tobykeithofficial', 'tobykeithofficial', 'tobykeithofficial']"
5,5DcqHBTEqkBeCWR2WPoHyA,ethanhugueville,0,17,"['7hDc8b7IXETo14hHIHdnhd', '1F2HXIJrE2Xn81OzT2zZvW', '57U26FwUclMqyZ5ylnPpw1', '1E3zyoTHtJzsu5CjwIFIhY', '03aduXwm6cTqO9bb4XFQ2b', '4myoVer3cPAUqBzDigYf7A', '2eMwDehkIC1j68U6FA3Eiq', '2fgk04HR0nlgNysfX7fKF0', '2Pu2Kcm1cwFg4dDSdmFip4', '6fwdbPMwP1zVStm8FybmkO', '4gmmRb6bZJffOOiww1JGTO', '2Pu2Kcm1cwFg4dDSdmFip4', '1OAh8uOEOvTDqkKFsKksCi', '1OAh8uOEOvTDqkKFsKksCi', '5GG3knKdxKWrNboRijxeKF', '43PuMrRfbyyuz4QpZ3oAwN', '3pXF1nA74528Edde4of9CC']","['2017-06-12T11:21:40Z', '2017-06-12T11:22:32Z', '2017-06-12T11:31:38Z', '2017-06-12T11:31:42Z', '2017-06-12T11:31:45Z', '2017-06-12T11:31:53Z', '2017-07-05T11:13:31Z', '2017-07-09T19:16:45Z', '2017-07-25T00:48:34Z', '2017-07-24T14:26:14Z', '2017-07-24T14:26:33Z', '2017-07-25T00:48:44Z', '2017-08-01T16:55:37Z', '2017-08-01T16:55:45Z', '2017-08-23T10:38:35Z', '2017-08-23T10:38:39Z', '2017-08-23T10:38:42Z']","['ethanhugueville', 'ethanhugueville', 'ethanhugueville', 'ethanhugueville', 'ethanhugueville', 'ethanhugueville', 'ethanhugueville', 'ethanhugueville', 'ethanhugueville', 'ethanhugueville', 'ethanhugueville', 'ethanhugueville', 'ethanhugueville', 'ethanhugueville', 'ethanhugueville', 'ethanhugueville', 'ethanhugueville']"
6,0WkDdOzzhlvj8KwBsogIlX,12127609470,0,100,"['338KFbIhA3EXCcqUzCRDyn', '4RoXQYmOVYNDfKmDgxQ6G9', '6C6rEJqc6KmvzcpoqyqJEr', '4RXLjBLDcUQow6Mle10wIi', '2qeeqn92nQrfU84SbLAmmI', '6w5O0iRCETnvvFOnysyj3c', '0Oaq96Ji2dh25nTnSn7Lm4', '7gVYDWe1AX5Oj1VT1YABJE', '51YeSmftkwQunj4V5y1PSQ', '2GjCAmKLgMscw8ipHSsNlR', '7o0CRKO2aKvWaq5qrTi9gD', '0nApFXPoSanA4n7j563Ind', '0qMoNOYH830Oug8ZsgwMnX', '3M1VwL6wITxO1Us0Bcdunb', '0xqHh0pLR0kQrDSQ1SzSR2', '0MqztFHbNRYVW81OWJkifJ', '7lk2SWsLObPlO98pOvz6V0', '0MYP3aoAnQboUrNQ12dcFR', '04PQhXGWp5pDkj6HIhFFvH', '0dlFCeKHsPhnLKPbqoOwwH', '509N7aRKaPZL77fVyySlW7', '0wQFChP5IzPTIDDQpV9g4U', '3cUE3p7E39CzGjQoEsg7sM', '1uM6n1tIxEfHE1ZqusEsyp', '3erxuxBe1tbYaE2GSOHF5E', '2HjdL4KJvSVwHr0f0bi9Fx', '7LvtMU2JDfXsh8gKkQbd6z', '6y2TMo9cxOOX4O1X7KmZLr', '5vUVVdbUY2Eee62p5epJUJ', '4J0CHjkrIVu69S5Y47ErR3', '32U7BIljTBqpIQyrlSq0PO', '738ccDM3fqO6AJ5hgd1VG0', '57lQqJgL7QPiwm6fcikZb2', '51VTjFDjhYaWCmToVh9WLw', '1rHcU0pH0YDXE34lSvR8j0', '2ChotJXMHsSBhvfLmTb0Y7', '6LhvMiuH3WDjfMCPm5ctqW', '5gwX8J0GrT7eVgxTGm45A5', '4IPTBEF5vQPN2VjMlNNrzB', '1T471o78oiOiqfJ6UGjEVA', '5kdJjw09Vuilb5smjzEm3i', '7Jt7x2PyxQTZ3RjO3qIdOZ', '3syzSx5XK0jLbGF0aarmUm', '3xVCYt2IiSWA2p3MRLBQyz', '62uKHeVpWdC6STNksx8ilC', '65Hk2XceETPJwZOiOtvis5', '6Ucp7VCGZFHGkVzwR26LDR', '3KSj0znpvfGKrBzEoE8gcL', '5IxdvWH0W5SetutGICCdvR', '5Q6NIYB6VDcWL0K3CTnhgu', '5LQuG7CoopOp7MDdjIxAoV', '496IpCIje0jGo3mLAiBrYu', '6nhBB8ZSXjMRRXz3tGgdjL', '601espde05awIjtN8fA62N', '4kJ7gkaHKA9ekcRjJOYc74', '0gRNBFAXFhq1Z8QgTd0aXI', '4dR1Bk7s58MWd1GpqA2jEz', '11rQhdJ4h5IE1dgM7QImco', '3cWHBYqh2bioJON1bWnKyj', '1GjLyry0YL9MieucxtrrSJ', '5smYoyX00KFrz3WQC2sHEe', '3CCq1pnZOWTi3JeYj6uZ0o', '6wtfT3wet2DUK5PYU0XHxx', '6XvNtDM8JqeypoP130puPk', '1OPzAFTTukNsIk6fWveNpJ', '4lcgz72d51RauBv4uoYcYG', '7cNqEMNNqdqrHDsjR2rBRB', '1PSQmz1hGl04A8jGuVKFGV', '7I5WLD7sLPOdmKNEdt5glO', '6KbJNGFOt922cRSHw8PdPd', '0qvgmjoEYQ7qABjJYfVCeU', '6eyyhYI2O7qgrrXYtORjg9', '7uS3slHwc2pm6OfHWUqL2B', '754w4HeOR2R6Si4UmQB8tv', '5qLTGDTTIHxxIU835qJWfT', '1KcDwqNKv9GoZQpT6g5JJq', '4dyCIMH4g4hFBVLhAQfUug', '6nYrMGxDKXKlJOiKJF3n7m', '4bCcolgdC8YsXUiqRgEgRU', '0XmQp8jTToWO2kQFd14VMg', '1RUxqobMDkexH6e7mliVtV', '2gDIa4YN7mAIwFpFNnvCZq', '1KanGdKt9qQoZp5s3nOXyj', '0ZkjGddKhC7IxwLy4RQjcE', '2A3mfvW9RaldwHe3yG8lIm', '2wdfWNH3xbpNvX8FpMyyZ0', '690tlLUrcqrMbBPIqWTupf', '5HrjpCZzZ1xTYd3Kc57ln8', '5uOEwG3uzNyykG6TPoYxFq', '1vDuH3mCl1Y2AMHEBPF1K4', '3yoT4Lsk5dwmM95lAWTiWL', '6oOUV7FiqQgVQbydCb5ZxH', '7l3odtVUgmRdTqhMyoPYVf', '00rBZrXRiVFTq21bksu4Xd', '0RpcZsF9n8mgmzhTiaMX1w', '4dzDPsRrI8VWFgFbUqAcsS', '7w033BgdMS12ioRKLnxnFh', '3HutShrRs98PNVrQo1G5Tk', '1k25g5D9R9C6bbYITywNMx', '5IpoGlfJTJHxqRcvoWs4f0']","['2017-11-13T19:28:40Z', '2017-11-13T19:28:50Z', '2017-11-13T19:29:02Z', '2017-11-13T19:29:07Z', '2017-11-13T19:29:13Z', '2017-11-13T19:29:19Z', '2017-11-13T19:29:24Z', '2017-11-13T19:29:30Z', '2017-11-13T19:29:37Z', '2017-11-13T19:29:44Z', '2017-11-13T19:29:53Z', '2017-11-13T19:30:01Z', '2017-11-13T19:30:07Z', '2017-11-13T19:30:12Z', '2017-11-13T19:30:17Z', '2017-11-13T19:30:47Z', '2017-11-13T19:30:54Z', '2017-11-13T19:31:00Z', '2017-11-13T19:31:12Z', '2017-11-13T19:31:18Z', '2017-11-13T19:31:24Z', '2017-11-13T19:31:29Z', '2017-11-13T19:31:34Z', '2017-11-13T19:31:41Z', '2017-11-13T19:31:53Z', '2017-11-13T19:32:05Z', '2017-11-13T19:32:11Z', '2017-11-13T19:32:16Z', '2017-11-13T19:32:36Z', '2017-11-13T19:32:48Z', '2017-11-13T19:34:25Z', '2017-11-13T19:34:33Z', '2017-11-13T19:34:40Z', '2017-11-13T19:34:47Z', '2017-11-13T19:34:53Z', '2017-11-13T19:35:05Z', '2017-11-13T19:35:16Z', '2017-11-13T19:35:22Z', '2017-11-13T19:35:38Z', '2017-11-13T19:35:43Z', '2017-11-13T19:36:02Z', '2017-11-13T19:36:06Z', '2017-11-13T19:36:12Z', '2017-11-13T19:36:16Z', '2017-11-13T19:36:29Z', '2017-11-13T19:36:37Z', '2017-11-13T19:36:52Z', '2017-11-13T19:37:40Z', '2017-11-13T19:37:51Z', '2017-11-13T19:37:57Z', '2017-11-13T19:38:31Z', '2017-11-13T19:38:40Z', '2017-11-13T19:38:53Z', '2017-11-13T19:39:01Z', '2017-11-13T19:39:05Z', '2017-11-13T19:39:14Z', '2017-11-13T19:39:21Z', '2017-11-13T19:39:26Z', '2017-11-13T19:39:30Z', '2017-11-13T19:39:48Z', '2017-11-13T19:40:03Z', '2017-11-13T19:40:13Z', '2017-11-13T19:40:19Z', '2017-11-13T19:40:34Z', '2017-11-13T19:40:43Z', '2017-11-13T19:41:18Z', '2017-11-13T19:41:32Z', '2017-11-13T19:41:43Z', '2017-11-13T19:42:00Z', '2017-11-13T19:43:18Z', '2017-11-13T19:43:25Z', '2017-11-13T19:43:31Z', '2017-11-13T19:43:57Z', '2017-11-13T19:44:06Z', '2017-11-13T19:44:15Z', '2017-11-13T19:44:22Z', '2017-11-13T19:44:27Z', '2017-11-13T19:44:32Z', '2017-11-13T19:44:43Z', '2017-11-13T19:44:53Z', '2017-11-13T19:45:41Z', '2017-11-13T19:45:50Z', '2017-11-13T19:46:17Z', '2017-11-13T19:46:52Z', '2017-11-13T19:46:59Z', '2017-11-13T19:47:04Z', '2017-11-13T19:47:15Z', '2017-11-13T19:47:28Z', '2017-11-13T19:47:37Z', '2017-11-13T19:47:48Z', '2017-11-13T19:48:01Z', '2017-11-13T19:48:09Z', '2017-11-13T19:48:19Z', '2017-11-13T19:48:30Z', '2017-11-13T19:48:39Z', '2017-11-13T19:48:52Z', '2017-11-13T19:49:05Z', '2017-11-13T19:49:15Z', '2017-11-13T19:49:28Z', '2017-11-13T19:49:45Z']","['12127609470', '12127609470', '12127609470', '12127609470', '12127609470', '12127609470', '12127609470', '12127609470', '12127609470', '12127609470', '12127609470', '12127609470', '12127609470', '12127609470', '12127609470', '12127609470', '12127609470', '12127609470', '12127609470', '12127609470', '12127609470', '12127609470', '12127609470', '12127609470', '12127609470', '12127609470', '12127609470', '12127609470', '12127609470', '12127609470', '12127609470', '12127609470', '12127609470', '12127609470', '12127609470', '12127609470', '12127609470', '12127609470', '12127609470', '12127609470', '12127609470', '12127609470', '12127609470', '12127609470', '12127609470', '12127609470', '12127609470', '12127609470', '12127609470', '12127609470', '12127609470', '12127609470', '12127609470', '12127609470', '12127609470', '12127609470', '12127609470', '12127609470', '12127609470', '12127609470', '12127609470', '12127609470', '12127609470', '12127609470', '12127609470', '12127609470', '12127609470', '12127609470', '12127609470', '12127609470', '12127609470', '12127609470', '12127609470', '12127609470', '12127609470', '12127609470', '12127609470', '12127609470', '12127609470', '12127609470', '12127609470', '12127609470', '12127609470', '12127609470', '12127609470', '12127609470', '12127609470', '12127609470', '12127609470', '12127609470', '12127609470', '12127609470', '12127609470', '12127609470', '12127609470', '12127609470', '12127609470', '12127609470', '12127609470', '12127609470']"
7,5lPyrmkmzCiLg0A76pmrmM,ceferinocutzal43-us,0,3,"['3iqCo3mixWuYpViABmsMFG', '3iqCo3mixWuYpViABmsMFG', '6zR3aAwQ7cn2U7F1sBtdj1']","['2017-07-27T13:29:41Z', '2017-07-27T13:30:11Z', '2017-09-16T15:27:53Z']","['ceferinocutzal43-us', 'ceferinocutzal43-us', 'ceferinocutzal43-us']"
8,7xTJYIt3biDaTw7oxdse9w,paulalogo,0,1,['2374M0fQpWi3dLnB54qaLX'],['2017-10-27T14:34:25Z'],['paulalogo']
9,73Crzc5K7BUebD8nD3PyCb,1298398592,1390,275,"['7KvO89vkLfpg5wuIBLDZud', '635qWU0wC9XDBA4PHePq7T', '5ZpzrCD8RBeayx1Ei9CATk', '0KTjmEcRVekFGb7jhyLrqW', '5UKVeCFDANtrJpxepibFdm', '0wmwDW06vgBvD3hmDKZhjn', '3CpXpFFlbv7yVGPmSkeuvd', '6mcSK6Jy4DblzSJpIJFhNQ', '4xyQBKzSuH1fXEZij69d6p', '0oNodQIZc6p5HuFJeyomhM', '7hB14o9xMSHs0KlEeIzNGa', '71Bp9e3iZvRZXgRLKGu2i9', '4kp3J2MQtWs65CakbPs1hK', '4lxp7y1J2PFhMWCb4hEosJ', '6WLQRVSTpwyrVoHzws3jh6', '0QzTzbNLdLDCpww4QOedde', '0ML3zeiU5iTpbCUnorAr0C', '6J9lY2nO97Vpr8VqYITR0p', '1rKYeNypjKlPETaqshI6Kd', '3RZLpw6tb0YalvalQMkgQO', '1eFXDq7CYl9KaEXgErFlsz', '7neRjhRjAQvJ3nWiyaZ0sH', '1yfZq9n8g578ObClLpWo2t', '6fC5PmdaQOij9l1wOJT2kU', '4JPhMxthSc1S2R3IPSCJKN', '1pToO0hRUateDVnm8Q0EL6', '0yrfFXS598sLZieaDDcd4u', '3liJVSXXPOuFpW42Z7ABBR', '5bPJdqWNiCOd5ooNd30Az5', '57Btca2d9BLyMMrNkLX2CS', '6LZJjUZ6Ij9BrHvGH91pcx', '0d98YYrUY0ftMCKQTtqLRn', '3FAmt8fOgys4U6lru9obzm', '0kSMhjesx6TqwIT3yF4Kqn', '6bO1t8ducPPCwvj9keGQZf', '3aLuXb7qnrSKwIW5PRTLGU', '7zgzcE7eneQiMXe6xCgJ46', '46hBMeHz0KLgoq3CRDBOJl', '2EZ0fkmkkuMTSs7KDppvsq', '2oDgohbNbN3ZodM76Ogbjz', '5ULYLdMzC2F67izUCSHOVR', '7paDGt9v34zeLvx9MowvGV', '6sG7UEc6s13a0yMx92TCyq', '2r9G11pkbB6wmuN1W9LccY', '5VyJkjmidE1VwR5la5Ri8Q', '2MlpkRxA1p7vVAUtUeVNZ3', '75x9JHwVWGEFA2uy526xKv', '1ErgIKPZpMGSNET42zhTXg', '2rSG8irHWl8xXMAzqse6jI', '0AnJxnVc3bEeqobJO7fmLr', '4Y0HGXzvrG7wUy6Wu3LWXk', '3ZMQXqRJWVNROSarq3rWlm', '4vNB4TY8LfjCtt5Uhkhklv', '0KruVJRfd7IISFQ4O7y8Gq', '5WUe92pJ4u0zm48dlCMwnN', '6Qy1WRfyU5Ygm6yeW2Ho1i', '4MfCxAbi2ebulzbcP47KYQ', '1acCpz3tjFpy8AUwnB7lcD', '36lgOZEjurjIrV9W2bliin', '4gyVwQdxm4Nw9NYc4zKvdx', '0f9leL2ZfviTyawusE7Tci', '5ITmGs3gDIsLG6wbwI8Xan', '4vSYRdy6NNHI9Gnr5FzNpz', '0VqfRchq3gkwCEThZDEi3R', '3ZE2DzQEXmscm3QI04NzUl', '41oIHrAJ2pU3xgSj64OtBO', '3SMo6KqKeb2sFRHOdmC8xH', '0Eq1OXzxsRM8Lv3Njej4jv', '6GTcMRNdP8XqYWqaV35lrB', '7wtlbnyyRLLvm9E1N0miXe', '6tlmkWTVRDM6FpRqkbE51H', '0G5QYEYwtjke62HzJKGYY7', '3kb1RBVHEc9WHh8TnjG6xN', '39MHNeDNu1hE6GSxlCA9MF', '36T804pOZ45wiGmF8vdRI9', '4OU58hF9LWjZ7k2enrYRPC', '2Vcic3cnhMXet4dDqaYqKY', '1b1bSwou0j1ULIDEfKkKXv', '0BPyV79SbycxW5sE48cp90', '06Y8tcVCymLpiydxNiBrIq', '1BT6OWMyYJr8K6zgkfw9sN', '4isTCcOFNjc3JIutDPjDvO', '2yxd5MfDxWOeYvG294SfZG', '7jMVt2mOJa5PbJChB4eqLa', '1xHJbYzqpDWSiGZMoxPnxL', '245NetT8cGFRzNEcSuagld', '2lgoeZLQVfQXeU4SPk3q6b', '2Or48N2bRJxDXAaUYgWx5j', '1LiuZV82k7x9dPViLA2fVC', '63HROFqWbjkfEJpVvOaI9P', '55cV7cPLxILXbI4Q0hyass', '7wBuAl83Roce9oKhtWdcZV', '1GUulZnisIHexK2rrSTUcI', '7e6uhbuMCPJx4dhztewJct', '77lFCuCfewWiSs3KIH6WOO', '1a34Lp4exqT75PKOcFWdoi', '5ZSOFYTzNffPV6BlTeU1O0', '2Yv6m2ENCGaLjdAbut9IVu', '5BlUDMIfWaKtE16FT6lN53', '62h0Cz714kHVIWge1WB8Iw']","['2016-10-21T00:38:23Z', '2016-10-21T00:38:23Z', '2016-10-21T00:38:23Z', '2016-10-21T00:38:23Z', '2016-10-21T00:38:23Z', '2016-10-21T00:38:23Z', '2016-10-21T00:38:23Z', '2016-10-21T00:38:23Z', '2016-10-21T00:38:23Z', '2016-10-21T00:38:23Z', '2016-10-21T00:38:23Z', '2016-10-21T00:38:23Z', '2016-10-21T00:38:23Z', '2016-10-21T00:38:23Z', '2016-10-21T00:38:23Z', '2016-10-21T00:38:23Z', '2016-10-21T00:38:23Z', '2016-10-21T00:38:23Z', '2016-10-21T00:38:23Z', '2016-10-21T00:38:23Z', '2016-10-21T00:38:23Z', '2016-10-21T00:38:23Z', '2016-10-21T00:38:23Z', '2016-10-21T00:38:23Z', '2016-10-21T00:38:23Z', '2016-10-21T00:38:23Z', '2016-10-21T00:38:23Z', '2016-10-21T00:38:23Z', '2016-10-21T00:38:43Z', '2016-10-21T00:38:43Z', '2016-10-21T00:38:43Z', '2016-10-21T00:38:43Z', '2016-10-21T00:38:43Z', '2016-10-21T00:38:43Z', '2016-10-21T00:38:43Z', '2016-10-21T00:38:43Z', '2016-10-21T00:38:43Z', '2016-10-21T00:38:43Z', '2016-10-21T00:38:43Z', '2016-10-21T00:38:43Z', '2016-10-21T00:38:43Z', '2016-10-21T00:38:43Z', '2017-02-27T20:09:30Z', '2017-02-27T20:09:30Z', '2017-02-27T20:09:30Z', '2017-02-27T20:09:30Z', '2017-02-27T20:09:30Z', '2017-02-27T20:09:30Z', '2017-02-27T20:09:30Z', '2017-02-27T20:09:30Z', '2017-02-27T20:09:30Z', '2017-02-27T20:09:30Z', '2017-02-27T20:09:30Z', '2017-02-27T20:09:30Z', '2017-02-27T20:09:30Z', '2017-02-27T20:09:30Z', '2017-02-27T20:09:30Z', '2017-03-03T08:36:06Z', '2017-02-21T15:41:23Z', '2017-03-03T08:36:06Z', '2017-03-03T08:36:06Z', '2017-03-03T08:36:06Z', '2017-03-03T08:36:06Z', '2017-03-03T08:36:06Z', '2017-03-03T08:36:06Z', '2017-03-03T08:36:06Z', '2017-03-03T08:36:06Z', '2017-03-03T15:44:44Z', '2017-03-03T15:44:44Z', '2017-03-03T15:44:44Z', '2017-03-03T15:44:44Z', '2017-03-03T15:44:44Z', '2017-03-03T15:44:44Z', '2017-03-03T15:44:44Z', '2017-03-03T15:44:44Z', '2017-03-03T15:44:44Z', '2017-03-03T15:44:44Z', '2017-03-03T15:44:44Z', '2017-03-03T15:44:44Z', '2017-03-03T15:44:44Z', '2017-03-03T15:44:44Z', '2017-03-03T15:44:44Z', '2017-03-03T15:44:44Z', '2017-03-03T15:44:44Z', '2017-03-03T15:44:44Z', '2017-03-03T15:44:44Z', '2017-03-03T15:44:44Z', '2017-03-03T15:44:44Z', '2017-03-03T15:44:44Z', '2017-03-03T15:44:44Z', '2017-03-03T15:44:44Z', '2017-03-03T15:44:44Z', '2017-03-03T15:44:44Z', '2017-03-03T15:44:44Z', '2017-03-03T15:44:44Z', '2017-03-03T15:44:44Z', '2017-03-03T15:44:44Z', '2017-03-03T15:44:44Z', '2017-03-03T15:44:44Z', '2017-03-03T15:44:44Z']","['1298398592', '1298398592', '1298398592', '1298398592', '1298398592', '1298398592', '1298398592', '1298398592', '1298398592', '1298398592', '1298398592', '1298398592', '1298398592', '1298398592', '1298398592', '1298398592', '1298398592', '1298398592', '1298398592', '1298398592', '1298398592', '1298398592', '1298398592', '1298398592', '1298398592', '1298398592', '1298398592', '1298398592', '1298398592', '1298398592', '1298398592', '1298398592', '1298398592', '1298398592', '1298398592', '1298398592', '1298398592', '1298398592', '1298398592', '1298398592', '1298398592', '1298398592', '1298398592', '1298398592', '1298398592', '1298398592', '1298398592', '1298398592', '1298398592', '1298398592', '1298398592', '1298398592', '1298398592', '1298398592', '1298398592', '1298398592', '1298398592', '1298398592', '1298398592', '1298398592', '1298398592', '1298398592', '1298398592', '1298398592', '1298398592', '1298398592', '1298398592', '1298398592', '1298398592', '1298398592', '1298398592', '1298398592', '1298398592', '1298398592', '1298398592', '1298398592', '1298398592', '1298398592', '1298398592', '1298398592', '1298398592', '1298398592', '1298398592', '1298398592', '1298398592', '1298398592', '1298398592', '1298398592', '1298398592', '1298398592', '1298398592', '1298398592', '1298398592', '1298398592', '1298398592', '1298398592', '1298398592', '1298398592', '1298398592', '1298398592']"
10,3ftsSOkyCsILZeAZYQr2jH,ellenholstad,2,6,"['3aIptaHMnbIXRxPWKlqwc6', '0rPBlDWP6wcfax63Vs8nAF', '2G10cOHjGLYVehbuqs1EL3', '3A5pidA4qhGvVexqboG2go', '710OkKtHd6tFxFRloG1Eaq', '20m3agBY0qF6M1cUGFHywX']","['2013-09-30T16:12:24Z', '2013-10-05T15:22:13Z', '2013-10-05T15:22:20Z', '2013-10-05T15:22:28Z', '2013-10-05T15:22:39Z', '2013-10-05T15:22:46Z']","['ellenholstad', 'ellenholstad', 'ellenholstad', 'ellenholstad', 'ellenholstad', 'ellenholstad']"
11,6tT2vTWVe81qVab4H9N1O3,samuelcisnerosgo95,4,110,"['7w87IxuO7BDcJ3YUqCyMTT', '3a2tuvXCHbW5nuUckuHkKT', '4d2hD63oUGU3s7L66JD0BE', '6igrEPhnCtozW95m8F9TBz', '2iJuuzV8P9Yz0VSurttIV5', '5R9a4t5t5O0IsznsrKPVro', '6BUZX2MNhJs0p13ezYtOLp', '5jrdCoLpJSvHHorevXBATy', '0hQOsDWt7xyzukV3Bff44r', '1h2d0gzM9ZqiBYbc2bx22V', '6btyEL6NwUa97Nex9cZFvo', '3evTG0FJEHFYmgOeFgPo0s', '3tyPOhuVnt5zd5kGfxbCyL', '4VrWlk8IQxevMvERoX08iC', '16Cs9KsHzgunxaEfGrXysG', '5I9Py57H8vqanuNhUVcLHN', '2eqDUxbd0JPEhNrJdPlHLs', '44aN5xKL3kGHvQ5bXVk6B8', '4wCmqSrbyCgxEXROQE6vtV', '4WjH9Bzt3kx7z8kl0awxh4', '6ukMqDxnOPOgoHdak7Kyp3', '5XA1GxaSpkUDULweScK0Rf', '7lAoovVf67mECK18oOpJbc', '3RYgABHAjXGMkiDIHQiwDQ', '5XVxH6b8yPVnjXEEG1o1YG', '0385HqYimoTQaHZP17KwG1', '24LS4lQShWyixJ0ZrJXfJ5', '5sn8kTcYEFZ0QcnYKEi9Qc', '46lFttIf5hnUZMGvjK0Wxo', '38vuehygtmGMuFoLMUPojw', '4FLvw0zEwjMaEfcqvUpTeR', '5EOo9MsHAKZoNlZZDPrBXY', '3SPDQfj2UfWq6A2NllZnzn', '3jZomvOBa5qfTo5HkqI1p5', '4qrSd9NMui1V19MEnIAhj7', '3A0NjZwttWVJ2iBBL2jgy2', '2V65y3PX4DkRhy1djlxd9p', '4HXOBjwv2RnLpGG4xWOO6N', '7gUpO6td4OOnu0Lf9vhcIV', '3FrX3mx8qq7SZX2NYbzDoj', '5i2FniMyXclPU3OtxBoS9B', '717TY4sfgKQm4kFbYQIzgo', '1WP9BnIr6SbcneveMTedPj', '1Sl4WkY1bLzNblPDWYFDc3', '4zTnEW54zezqmWyeGibRGV', '1LbhI0PgXF5kyJEE88xoUU', '01DSvNTUsVROjnSF5j3UbD', '4VC5nFbYO4avKksJ9jN4pY', '5rgy6ghBq1eRApCkeUdJXf', '67WTwafOMgegV6ABnBQxcE', '2bEWRMWfH5n8QEuXgVlcxf', '1NpW5kyvO4XrNJ3rnfcNy3', '0sJxBBRLNQpVBUZra6xzA5', '4JehYebiI9JE8sR8MisGVb', '2dLLR6qlu5UJ5gk0dKz0h3', '3G6hD9B2ZHOsgf4WfNu7X1', '55whbebR4olz2HHcRQa2kx', '4LrOmj6MoxMdCLf2zJnkq0', '0IKK48xF4eEdfofyaeKWWO', '0QQG0RovnsfKUdHJIsJ39f', '1AguHaKOuggrVTebp7cZEI', '5OhxHYkob2Y1S0h502LC7e', '7COFsLgWjzeVSwbuAQqK9t', '4QNpBfC0zvjKqPJcyqBy9W', '0IkKz2J93C94Ei4BvDop7P', '4lCv7b86sLynZbXhfScfm2', '0IZM2onaTBMRTEIcc5oIi9', '4eV1QhJ2VUml6qQfBdO6Z8', '7rr5DQM980mOF1UtIC4q6v', '6r2BECwMgEoRb5yLfp0Hca', '3clsCV1f1E9u1Fge9ntulk', '4ngLDnC9X0ARJATJTXljdC', '0oEC57SSNPct02CLEVrEnh', '37FAiWNp5hEeouBNytFvrU', '4Hff1IjRbLGeLgFgxvHflk', '5Gy8mvt07fsOoTLMAeYW4b', '4bJygwUKrRgq1stlNXcgMg', '4jDmJ51x1o9NZB5Nxxc7gY', '5IVuqXILoxVWvWEPm82Jxr', '1CkvWZme3pRgbzaxZnTl5X', '6oZDct1pcrRPMnNvP0OXea', '3XyMPyuWwHcGMvXeJY6Qt0', '27SdWb2rFzO6GWiYDBTD9j', '0BCPKOYdS2jbQ8iyB56Zns', '6UO755OcSvOPVVZOaJVH7v', '3c4bJL7mARZvd387847GsC', '6oDPg7fXW3Ug3KmbafrXzA', '519uJbE3zyKLlToVA65PrP', '2vClCBvGKJOxhhtw71Dobw', '2HUrnrn2N9XQvbvnDh5jPU', '3owESnQzGKXJhdZQDdXppK', '1zbTIdIbLYlXjtOqlHALh4', '6RcQOut9fWL6FSqeIr5M1r', '66ZcOcouenzZEnzTJvoFmH', '7icROppj4Z12Nr0xGgxWFJ', '2Zu7zUegjrsAaZ9dQYLaEN', '4BHzQ9C00ceJxfG16AlNWb', '6ic8OlLUNEATToEFU3xmaH', '6GAQAFEEHJPWBs5UQ467Zx', '3CfW3l2KW5aFZlje46ShVk']","['2015-12-18T23:32:07Z', '2015-12-18T23:32:44Z', '2015-12-18T23:35:53Z', '2015-12-18T23:35:53Z', '2015-12-18T23:36:43Z', '2015-12-18T23:39:05Z', '2015-12-18T23:39:55Z', '2015-12-18T23:40:29Z', '2015-12-18T23:40:57Z', '2015-12-18T23:42:15Z', '2015-12-18T23:43:04Z', '2015-12-18T23:43:40Z', '2015-12-18T23:44:55Z', '2015-12-18T23:45:49Z', '2015-12-18T23:46:35Z', '2015-12-18T23:46:51Z', '2015-12-18T23:47:31Z', '2015-12-18T23:47:50Z', '2015-12-18T23:47:55Z', '2015-12-18T23:49:25Z', '2015-12-18T23:50:47Z', '2015-12-18T23:54:57Z', '2015-12-18T23:55:56Z', '2015-12-19T00:22:44Z', '2015-12-19T00:37:50Z', '2015-12-24T19:45:51Z', '2015-12-24T19:46:26Z', '2015-12-24T19:46:57Z', '2016-02-07T21:58:05Z', '2016-02-11T00:23:50Z', '2016-03-03T00:37:46Z', '2016-03-03T00:38:04Z', '2016-03-03T00:39:23Z', '2016-03-03T00:39:52Z', '2016-03-03T00:40:06Z', '2016-03-03T00:41:02Z', '2016-03-08T21:24:42Z', '2016-03-12T19:11:19Z', '2016-03-12T19:18:14Z', '2016-03-14T19:11:58Z', '2016-03-14T19:12:15Z', '2016-03-14T19:12:35Z', '2016-03-14T19:12:41Z', '2016-03-14T19:12:53Z', '2016-03-14T19:15:49Z', '2016-03-14T19:19:46Z', '2016-03-14T19:20:12Z', '2016-03-24T17:50:06Z', '2016-03-24T17:50:44Z', '2016-03-24T17:50:50Z', '2016-03-24T17:50:57Z', '2016-03-24T17:51:25Z', '2016-03-24T17:52:02Z', '2016-03-24T17:52:18Z', '2016-04-05T12:56:09Z', '2016-04-05T12:58:06Z', '2016-04-06T21:54:16Z', '2016-04-09T00:13:10Z', '2016-04-19T02:06:20Z', '2016-04-19T02:06:26Z', '2016-04-24T19:59:55Z', '2016-04-24T20:00:33Z', '2016-04-24T20:00:42Z', '2016-04-24T20:00:59Z', '2016-04-24T20:01:28Z', '2016-04-24T20:02:52Z', '2016-04-24T20:03:06Z', '2016-04-24T20:04:20Z', '2016-04-24T20:06:09Z', '2016-04-24T20:06:15Z', '2016-04-24T20:06:34Z', '2016-04-24T20:06:45Z', '2016-04-26T22:08:14Z', '2016-05-01T23:00:34Z', '2016-05-12T18:31:45Z', '2016-05-17T17:00:06Z', '2016-05-19T17:46:05Z', '2016-05-19T17:49:36Z', '2016-05-28T18:15:03Z', '2016-06-01T18:50:29Z', '2016-06-08T19:54:34Z', '2016-06-08T20:05:36Z', '2016-06-13T14:07:44Z', '2016-06-17T18:31:27Z', '2016-06-17T21:41:16Z', '2016-06-18T00:26:53Z', '2016-06-21T17:10:22Z', '2016-06-21T17:20:42Z', '2016-06-25T03:48:27Z', '2016-07-10T21:07:16Z', '2016-07-13T05:41:01Z', '2016-08-12T20:37:45Z', '2016-09-21T01:10:00Z', '2016-09-21T01:12:30Z', '2016-09-21T01:13:21Z', '2016-09-27T04:20:03Z', '2016-10-25T18:54:26Z', '2016-11-19T18:53:31Z', '2016-11-19T18:54:46Z', '2016-11-19T18:57:35Z']","['samuelcisnerosgo95', 'samuelcisnerosgo95', 'samuelcisnerosgo95', 'samuelcisnerosgo95', 'samuelcisnerosgo95', 'samuelcisnerosgo95', 'samuelcisnerosgo95', 'samuelcisnerosgo95', 'samuelcisnerosgo95', 'samuelcisnerosgo95', 'samuelcisnerosgo95', 'samuelcisnerosgo95', 'samuelcisnerosgo95', 'samuelcisnerosgo95', 'samuelcisnerosgo95', 'samuelcisnerosgo95', 'samuelcisnerosgo95', 'samuelcisnerosgo95', 'samuelcisnerosgo95', 'samuelcisnerosgo95', 'samuelcisnerosgo95', 'samuelcisnerosgo95', 'samuelcisnerosgo95', 'samuelcisnerosgo95', 'samuelcisnerosgo95', 'samuelcisnerosgo95', 'samuelcisnerosgo95', 'samuelcisnerosgo95', 'samuelcisnerosgo95', 'samuelcisnerosgo95', 'samuelcisnerosgo95', 'samuelcisnerosgo95', 'samuelcisnerosgo95', 'samuelcisnerosgo95', 'samuelcisnerosgo95', 'samuelcisnerosgo95', 'samuelcisnerosgo95', 'samuelcisnerosgo95', 'samuelcisnerosgo95', 'samuelcisnerosgo95', 'samuelcisnerosgo95', 'samuelcisnerosgo95', 'samuelcisnerosgo95', 'samuelcisnerosgo95', 'samuelcisnerosgo95', 'samuelcisnerosgo95', 'samuelcisnerosgo95', 'samuelcisnerosgo95', 'samuelcisnerosgo95', 'samuelcisnerosgo95', 'samuelcisnerosgo95', 'samuelcisnerosgo95', 'samuelcisnerosgo95', 'samuelcisnerosgo95', 'samuelcisnerosgo95', 'samuelcisnerosgo95', 'samuelcisnerosgo95', 'samuelcisnerosgo95', 'samuelcisnerosgo95', 'samuelcisnerosgo95', 'samuelcisnerosgo95', 'samuelcisnerosgo95', 'samuelcisnerosgo95', 'samuelcisnerosgo95', 'samuelcisnerosgo95', 'samuelcisnerosgo95', 'samuelcisnerosgo95', 'samuelcisnerosgo95', 'samuelcisnerosgo95', 'samuelcisnerosgo95', 'samuelcisnerosgo95', 'samuelcisnerosgo95', 'samuelcisnerosgo95', 'samuelcisnerosgo95', 'samuelcisnerosgo95', 'samuelcisnerosgo95', 'samuelcisnerosgo95', 'samuelcisnerosgo95', 'samuelcisnerosgo95', 'samuelcisnerosgo95', 'samuelcisnerosgo95', 'samuelcisnerosgo95', 'samuelcisnerosgo95', 'samuelcisnerosgo95', 'samuelcisnerosgo95', 'samuelcisnerosgo95', 'samuelcisnerosgo95', 'samuelcisnerosgo95', 'samuelcisnerosgo95', 'samuelcisnerosgo95', 'samuelcisnerosgo95', 'samuelcisnerosgo95', 'samuelcisnerosgo95', 'samuelcisnerosgo95', 'samuelcisnerosgo95', 'samuelcisnerosgo95', 'samuelcisnerosgo95', 'samuelcisnerosgo95', 'samuelcisnerosgo95', 'samuelcisnerosgo95']"
12,2AkwFkT7FY60iMt3nQX1Tp,askild96,0,60,"['0tKcYR2II1VCQWT79i5NrW', '0CcQNd8CINkwQfe1RDtGV6', '3NdDpSvN911VPGivFlV5d0', '5aAx2yezTd8zXrkmtKl66Z', '5knuzwU65gJK7IF5yJsuaW', '5o2r7507gCOYdRMeR3noqZ', '1vvNmPOiUuyCbgWmtc6yfm', '6b8Be6ljOzmkOmFslEb23P', '15vzANxN8G9wWfwAJLLMCg', '7FB8l7UA1HKqnuSLjP9qDc', '4pdPtRcBmOSQDlJ3Fk945m', '5MFzQMkrl1FOOng9tq6R9r', '7qiZfU4dY1lWllzX7mPBI3', '23L5CiUhw2jV1OIMwthR3S', '0KKkJNfGyhkQ5aFogxQAPU', '7BKLCZ1jbUBVqRi2FVlTVw', '7zsXy7vlHdItvUSH8EwQss', '3eR23VReFzcdmS7TYCrhCe', '3ebXMykcMXOcLeJ9xZ17XH', '3FlSyheHttoFTqcN7Hhif8', '5NNlUMcOEOdoOIwwaWXv0k', '6RUKPb4LETWmmr3iAEQktW', '6PCUP3dWmTjcTtXY02oFdT', '1FvU97lrWOG2NRxErh6OZz', '00lNx0OcTJrS3MKHcB80HY', '3AsAuGTaDQzavZZThyYlop', '4b4KcovePX8Ke2cLIQTLM0', '6y2Kaz9QI01XBKJ8mTb7Pf', '4pLwZjInHj3SimIyN9SnOz', '7xHWNBFm6ObGEQPaUxHuKO', '58zsLZPvfflaiIbNWoA22O', '1CnPYaKxTVb4LWOtiGOm0m', '0JiVRyTJcJnmlwCZ854K4p', '6TXglvsCOo7dQrEgRiIdO0', '0fg8CqpjdojMyXLNzM2PaJ', '1sXUWdKx03aP9Gmzft58rt', '077IVIW6uv1lL78x7a3Oc3', '3DXncPQOG4VBw3QHh3S817', '2EEeOnHehOozLq4aS0n6SL', '5CtI0qwDJkDQGwXD1H1cLb', '6tFFZ3OYoHbTolG08QsuBa', '5ELRkzdzz0HvGpMDlfZHkV', '1louJpMmzEicAn7lzDalPW', '0dA2Mk56wEzDgegdC6R17g', '1x5sYLZiu9r5E43kMlt9f8', '4iLqG9SeJSnt0cSPICSjxv', '2Gl0FzuLxflY6nPifJp5Dr', '2eMwDehkIC1j68U6FA3Eiq', '2habSXqcJGExM6JJyskY7O', '3B54sVLJ402zGa6Xm4YGNe', '4q8PHoRsPUB52LFylX8Ulz', '3A7qX2QjDlPnazUsRk5y0M', '1OAh8uOEOvTDqkKFsKksCi', '6jA8HL9i4QGzsj6fjoxp8Y', '3R6dPfF2yBO8mHySW1XDAa', '5bcTCxgc7xVfSaMV3RuVke', '6kex4EBAj0WHXDKZMEJaaF', '3BuLtAmXKy5uQYl4ED1zBT', '7JJmb5XwzOO8jgpou264Ml', '4pNRUQOQfrxXGYHSBpJhyp']","['2017-10-22T17:00:46Z', '2017-10-22T17:00:52Z', '2017-10-22T17:01:16Z', '2017-10-22T17:03:36Z', '2017-10-22T17:03:57Z', '2017-10-22T17:04:08Z', '2017-10-22T17:04:20Z', '2017-10-22T17:04:35Z', '2017-10-22T17:05:19Z', '2017-10-22T17:05:52Z', '2017-10-22T17:06:04Z', '2017-10-22T19:37:08Z', '2017-10-22T19:37:10Z', '2017-10-22T19:37:11Z', '2017-10-22T19:37:20Z', '2017-10-22T19:37:21Z', '2017-10-22T19:37:25Z', '2017-10-22T19:37:28Z', '2017-10-22T19:37:31Z', '2017-10-22T19:37:34Z', '2017-10-22T19:37:37Z', '2017-10-22T19:37:39Z', '2017-10-22T19:37:42Z', '2017-10-23T19:45:55Z', '2017-10-23T19:46:46Z', '2017-10-23T19:46:57Z', '2017-10-23T19:47:27Z', '2017-10-23T19:47:37Z', '2017-10-23T19:48:14Z', '2017-10-23T19:49:13Z', '2017-10-23T19:49:25Z', '2017-10-23T19:49:51Z', '2017-10-23T19:50:02Z', '2017-10-23T19:50:16Z', '2017-10-23T19:50:39Z', '2017-10-23T19:50:49Z', '2017-10-23T19:51:51Z', '2017-10-23T19:52:33Z', '2017-10-23T19:52:53Z', '2017-10-23T19:53:06Z', '2017-10-23T19:54:10Z', '2017-10-23T19:54:42Z', '2017-10-23T19:55:06Z', '2017-10-23T19:55:40Z', '2017-10-23T19:56:15Z', '2017-10-23T19:56:31Z', '2017-10-23T19:57:09Z', '2017-10-23T19:58:09Z', '2017-10-23T19:59:01Z', '2017-10-23T19:59:19Z', '2017-10-23T20:00:19Z', '2017-10-23T20:00:42Z', '2017-10-23T20:00:51Z', '2017-10-24T09:48:23Z', '2017-10-26T10:10:45Z', '2017-10-27T14:32:40Z', '2017-10-27T14:32:42Z', '2017-10-27T14:32:51Z', '2017-10-27T14:32:59Z', '2017-11-02T18:36:00Z']","['askild96', 'askild96', 'askild96', 'askild96', 'askild96', 'askild96', 'askild96', 'askild96', 'askild96', 'askild96', 'askild96', 'askild96', 'askild96', 'askild96', 'askild96', 'askild96', 'askild96', 'askild96', 'askild96', 'askild96', 'askild96', 'askild96', 'askild96', 'askild96', 'askild96', 'askild96', 'askild96', 'askild96', 'askild96', 'askild96', 'askild96', 'askild96', 'askild96', 'askild96', 'askild96', 'askild96', 'askild96', 'askild96', 'askild96', 'askild96', 'askild96', 'askild96', 'askild96', 'askild96', 'askild96', 'askild96', 'askild96', 'askild96', 'askild96', 'askild96', 'askild96', 'askild96', 'askild96', 'askild96', 'askild96', 'askild96', 'askild96', 'askild96', 'askild96', 'askild96']"
13,391W5RadkZWHhsafB0gtNP,nmald35,0,21,"['60ZGteAEtPCnGE6zevgUcd', '5imShWWzwqfAJ9gXFpGAQh', '0PXWpNBYg52gABrn1qL1bD', '38xWaVFKaxZlMFvzNff2aW', '1QEEqeFIZktqIpPI4jSVSF', '611nmvMn6iMVaBlyFlYOlI', '5wQnmLuC1W7ATsArWACrgW', '5YScXJKtefsgdskIy60N7A', '1sxUaLi0G2vB7dl4ogtCxH', '7oK9VyNzrYvRFo7nQEYkWN', '3a2tuvXCHbW5nuUckuHkKT', '2ouURa1AIXp3AvkS52Jry5', '6Qyc6fS4DsZjB2mRW9DsQs', '5qqabIl2vWzo9ApSC317sa', '1fJFuvU2ldmeAm5nFIHcPP', '42et6fnHCw1HIPSrdPprMl', '3354J49VpkbZJho7Ztdzpw', '6zeDYmP3ARpURvpK29Q09P', '1t2Hq2WIBcZINOEnK6mdJG', '6ZOBP3NvffbU4SZcrnt1k6', '1hWQvA6oGVJ2mAVsZ59AaV']","['2017-11-16T19:03:49Z', '2017-11-16T19:04:23Z', '2017-11-16T19:04:27Z', '2017-11-16T19:07:01Z', '2017-11-16T19:10:23Z', '2017-11-16T19:10:44Z', '2017-11-16T19:11:08Z', '2017-11-16T19:19:14Z', '2017-11-16T19:19:54Z', '2017-11-16T19:21:29Z', '2017-11-16T19:24:18Z', '2017-11-16T19:29:55Z', '2017-11-16T19:29:58Z', '2017-11-16T19:30:07Z', '2017-11-16T19:30:17Z', '2017-11-16T19:39:34Z', '2017-11-16T19:39:42Z', '2017-11-16T19:40:13Z', '2017-11-16T19:43:59Z', '2017-11-16T19:46:12Z', '2017-11-19T19:58:41Z']","['nmald35', 'nmald35', 'nmald35', 'nmald35', 'nmald35', 'nmald35', 'nmald35', 'nmald35', 'nmald35', 'nmald35', 'nmald35', 'nmald35', 'nmald35', 'nmald35', 'nmald35', 'nmald35', 'nmald35', 'nmald35', 'nmald35', 'nmald35', 'nmald35']"
14,3e48z5TQ3ziGcAXDe3rkBh,fabianalazarini23,0,19,"['3vCHmbyOgc6pgwLUWfU4pF', '5FTmUdgqcDTukNT8euZA8r', '0IqKeD8ZSP72KbGYyzEcAs', '4rvtlpAeDuOn4baUJPCEhy', '6OaYLWpreRh9EoLYwrS75P', '4rHZZAmHpZrA3iH5zx8frV', '6w4LIVTA1966CdmIo0yG4x', '5omYVLodGmaxnhua99xIE8', '4RyK6N4IQ85xxLgguQAFH5', '6LWS6iYUZKYHNl2VwNytpo', '5ubHAQtKuFfiG4FXfLP804', '5AFWfPUJ2JpPhSKVvSqnpW', '4lLtanYk6tkMvooU0tWzG8', '1aWv9DUKWkRD8k54O3uhc8', '1yjY7rpaAQvKwpdUliHx0d', '0JrgClgc2VjWE0zwn5GVU9', '2lXDbdbBw7lJVCWHkYxdep', '0uZzdkuzJEjFzaRR2HQ5mj', '3veFQzlEOTpcGGIbYPKdYq']","['2017-11-17T23:41:45Z', '2017-11-17T23:44:47Z', '2017-11-17T23:44:51Z', '2017-11-17T23:47:39Z', '2017-11-17T23:48:52Z', '2017-11-17T23:51:18Z', '2017-11-17T23:53:07Z', '2017-11-17T23:55:01Z', '2017-11-17T23:56:35Z', '2017-11-17T23:58:35Z', '2017-11-18T00:07:22Z', '2017-11-18T00:09:06Z', '2017-11-18T00:12:31Z', '2017-11-18T00:14:05Z', '2017-11-18T00:17:26Z', '2017-11-18T00:35:46Z', '2017-11-18T00:36:53Z', '2017-11-18T12:38:55Z', '2017-11-18T12:41:53Z']","['fabianalazarini23', 'fabianalazarini23', 'fabianalazarini23', 'fabianalazarini23', 'fabianalazarini23', 'fabianalazarini23', 'fabianalazarini23', 'fabianalazarini23', 'fabianalazarini23', 'fabianalazarini23', 'fabianalazarini23', 'fabianalazarini23', 'fabianalazarini23', 'fabianalazarini23', 'fabianalazarini23', 'fabianalazarini23', 'fabianalazarini23', 'fabianalazarini23', 'fabianalazarini23']"
15,5ahJn9fuPz9MUSZGMXoVZd,11153776572,4298,116,"['4rpXhAsUczXLEQ3o3LIHOZ', '0JshnWfAOhnJiob29TL7XO', '17Fd6Yb7mSbinKG8LoWfFl', '6RrUUleT9JI0KQHZYBdJMB', '0Wv5wuenRLI3BcwgT3HPIP', '14uKsvPJ0quzQvdB6f7Dur', '7gBj0VgcuAgkXkiRRYvSmK', '0XfOi87h82i09rQjWYG0Bm', '3caMfJGFp53NAH2TuigdNj', '1ZdWNpOXCJT1nmt40UuxWS', '1X7ryICXP51yVoW8bhxkYV', '4chgBnYTuTMTytBrNhO6IO', '1Pofof4ZYVI6GDM0IFGvBk', '0eLotEQ3dfuxBiDjMjweP8', '3folt4d0CndACKo02YNrin', '1XkBCX3LY9HRTkRBylEouL', '2UMZjhZWNxZezcZiZvyvsZ', '73GlEBz7dSnxHy9gSuqoHx', '0gTn6bQPAFjiMmddocvJ8s', '5RmicVIu1wlEuaT9wVVdtb', '1vMPOXedoeZCtHzBB2Vart', '4HhIQK86QUSI2A2BTw1PB8', '0EVbZWxLOZT1siPMzEGNwc', '4lwSYcFSDeyY8jdSedZH4j', '1PM8OIREXRl5lFb06852rr', '0thT1go2Rd4WFeNRGTrF9B', '1Sl3njkhhz8nrSPZroDQ82', '4CqO3ZpI3FGByskguC5Kbo', '0KgA8uo2wNLGZbIpMemCGk', '4D4YXEKyO2z7j6Wahoe4R7', '3bWAqKDWg6u1davspr5IkS', '3HTDOoRoGvwpmMTIOOQehV', '6JzCO4ZzxAXhY86vTcqM1Q', '6Yk8ceRQHJJCkcEntNIkzi', '5Xl8hwINbHKEYBHIU0WL1i', '3SKmUW01CnPQuBwhoRSK1a', '6L778PA16SuyYvFhqnMndY', '18PifdV2feIUTI1uoQwkV0', '31mWJG7RF5eNvmIprY1NzI', '6NFgsIKH5Xv8dhNxByPBn1', '22SXyL6pUjwIvGWvgGjLov', '5M9jOReAKGZ2AttVefFjTY', '5vQIaNoKsT4xkG1j2KFBFs', '7wZorJD5loL9ceLJ67sg6S', '4I1zD6WvoJoLDFWsqcCpMJ', '0f3VCprEO3u4j93FtHxTbj', '4hiUYb2nb6NlfTP9CD38Pe', '2penjl6afQ4JYqmTeNUxyL', '1xEOoCGmv8rotFDo7n8GAg', '7yz7xxHAG4ChgrSeMvIXIo', '0Zbbxnx4SGGHoIow4PpISP', '0gahmokctHhYjyR3ZUGr7L', '6WbADFqMvR8N5u0BvtsWQE', '4hGKMuDQCgWxX7gF8kwJtr', '5153LWKMJiMNIRCChGN4Ja', '0UjJ9fulqSxjmq7qBJoyr3', '20hsdn8oITBsuWNLhzr5eh', '7DcY0SUvSIcIjHeSGhTXDk', '0MES9KxrW8EOE7xE8QoZUz', '6eE5LWw0DpIbTOdKwDUoE8', '0W6yJKJW8I04iDT6BsINaL', '0Zv45bSIvDc1d8iJlJvwc3', '6eIacmhkE82vZlMDnGS7aP', '38imhzN6mhvRLULVCdwXNP', '4z1snkUNskyLduCBARqljp', '5suntl7SJKOsVzwZt8ivL3', '1ct6OPNfDZC0xIKehTJZM5', '3tka6vtNbu9C2xsbthEkNG', '0nDCVX3NYP7GihxAMSFliq', '4ZkVOb0mNnm3MFY2LeyqHY', '1IOljAMJyyq07kMxL1gVSy', '1PYeX2IAYleaPGd0Pc7ZOT', '3tNN1VLlrufUpwSSKlFfKA', '2s0rKnUpqwetoQxXQfAB83', '0ttPiazh17aXIo5NIckHES', '7cj1QiKENfzE28KLX0Z1Zl', '3FS2e59gXFXrcg7sN2mL5z', '3puJ4f4wzYC79XboCfvPWo', '1toz8k7rYIw4FS5jOSXxYH', '3u1JcWL1OcJNe6I5P93VyZ', '0d2n0tuEAs5F0FR4ZF0woI', '3DfJ2XMfdD1a4DcVmFs7CD', '0NKH1bGsvz2g0VWJDGXnUd', '0qqwzVWiVmIRynDh1nTGCG', '1NKCqXjcYZ81Budit2CQMh', '64zUNPNYxusLnW21zSZ6ZR', '4ZzLWZ8lnaGN64lHOK8vN8', '2TcZ05FR0xQWZOaFWyRWUt', '1gHQjUtMPaStd0vcRqNKhg', '5zwBmW0IbXpIA84cVHDGhe', '4DFaZyaQspxFSEjtuvlAO9', '1qm9MfTAoEixNPSqshHqfV', '2SI3K6Q7h8dMzJrNGSzoy9', '4H63ey6mUOBfAu0KQ3qpYD', '7pBrfkzLLLQxjvnEiXgsZ6', '1cG0umU5TKStygKsPFZ9pY', '1gt0Qulk5ybjcykNQOo5HN', '6nLctpnQJiPTxkaSgbPKiw', '0HT6YGHjXKNvnTjGGtur3j', '3ActcmE8M7DpBHQiRFSx5G']","['2017-10-16T19:19:06Z', '2017-10-12T18:27:33Z', '2017-10-14T12:14:11Z', '2017-10-14T18:01:22Z', '2017-10-15T19:01:05Z', '2017-06-11T19:37:01Z', '2017-06-10T18:12:36Z', '2017-10-14T12:03:32Z', '2017-10-14T12:05:00Z', '2017-10-14T12:13:49Z', '2017-10-05T18:21:17Z', '2017-10-14T12:02:44Z', '2016-07-23T18:03:58Z', '2017-01-23T10:13:46Z', '2017-01-31T15:58:51Z', '2017-04-04T18:04:55Z', '2017-05-20T20:48:56Z', '2017-05-20T20:50:03Z', '2017-06-10T16:01:45Z', '2017-09-21T10:59:53Z', '2017-09-28T19:30:42Z', '2017-09-28T19:31:10Z', '2017-09-28T19:35:38Z', '2017-10-12T18:13:53Z', '2017-10-12T18:25:31Z', '2017-10-14T12:04:30Z', '2017-10-15T15:46:17Z', '2017-06-10T16:10:26Z', '2016-08-08T10:31:42Z', '2017-06-10T16:09:33Z', '2017-06-10T16:10:35Z', '2017-06-10T16:11:40Z', '2017-06-10T18:12:29Z', '2017-05-20T20:50:34Z', '2017-06-11T19:35:21Z', '2017-10-12T18:09:16Z', '2017-06-11T19:37:44Z', '2017-10-02T19:09:30Z', '2017-06-11T19:38:38Z', '2017-01-15T11:53:47Z', '2017-01-27T11:15:10Z', '2017-01-27T11:15:12Z', '2017-01-27T11:15:23Z', '2017-01-27T11:15:50Z', '2017-01-28T15:22:15Z', '2017-01-28T15:28:40Z', '2017-02-25T13:07:45Z', '2017-04-04T18:03:44Z', '2017-09-23T08:15:35Z', '2017-09-23T08:17:41Z', '2017-09-28T19:27:45Z', '2017-09-28T19:29:43Z', '2017-09-28T19:35:27Z', '2017-10-15T15:46:55Z', '2017-10-14T13:07:21Z', '2017-01-23T10:11:09Z', '2017-06-11T19:46:14Z', '2016-07-23T18:11:24Z', '2016-12-12T17:30:09Z', '2016-07-19T10:11:25Z', '2016-07-19T10:08:41Z', '2016-07-19T10:09:19Z', '2016-07-19T10:13:16Z', '2016-07-19T10:14:50Z', '2016-12-12T14:27:43Z', '2016-07-19T10:19:30Z', '2016-12-12T17:30:19Z', '2016-12-12T17:50:57Z', '2017-06-11T21:25:45Z', '2016-07-19T14:35:03Z', '2017-01-23T10:27:22Z', '2016-08-08T18:01:10Z', '2017-10-12T18:03:03Z', '2016-07-23T17:54:53Z', '2016-07-23T17:54:57Z', '2016-12-12T14:36:42Z', '2017-02-28T13:45:49Z', '2016-07-23T18:16:12Z', '2016-08-11T12:31:10Z', '2016-12-12T14:35:02Z', '2016-08-08T10:52:08Z', '2016-08-08T10:34:26Z', '2016-12-12T14:34:13Z', '2016-12-12T14:26:15Z', '2016-12-12T17:29:14Z', '2016-07-23T18:15:23Z', '2016-08-08T10:48:45Z', '2016-12-12T14:05:05Z', '2016-12-12T17:36:43Z', '2016-08-10T17:30:36Z', '2016-12-12T17:48:56Z', '2016-12-12T14:13:20Z', '2016-12-12T14:27:21Z', '2016-08-08T10:48:30Z', '2016-12-16T16:14:41Z', '2016-12-19T21:43:52Z', '2017-01-10T20:23:55Z', '2017-01-15T11:49:47Z', '2017-01-15T11:50:06Z', '2017-01-15T12:00:17Z']","['11153776572', '11153776572', '11153776572', '11153776572', '11153776572', '11153776572', '11153776572', '11153776572', '11153776572', '11153776572', '11153776572', '11153776572', '11153776572', '11153776572', '11153776572', '11153776572', '11153776572', '11153776572', '11153776572', '11153776572', '11153776572', '11153776572', '11153776572', '11153776572', '11153776572', '11153776572', '11153776572', '11153776572', '11153776572', '11153776572', '11153776572', '11153776572', '11153776572', '11153776572', '11153776572', '11153776572', '11153776572', '11153776572', '11153776572', '11153776572', '11153776572', '11153776572', '11153776572', '11153776572', '11153776572', '11153776572', '11153776572', '11153776572', '11153776572', '11153776572', '11153776572', '11153776572', '11153776572', '11153776572', '11153776572', '11153776572', '11153776572', '11153776572', '11153776572', '11153776572', '11153776572', '11153776572', '11153776572', '11153776572', '11153776572', '11153776572', '11153776572', '11153776572', '11153776572', '11153776572', '11153776572', '11153776572', '11153776572', '11153776572', '11153776572', '11153776572', '11153776572', '11153776572', '11153776572', '11153776572', '11153776572', '11153776572', '11153776572', '11153776572', '11153776572', '11153776572', '11153776572', '11153776572', '11153776572', '11153776572', '11153776572', '11153776572', '11153776572', '11153776572', '11153776572', '11153776572', '11153776572', '11153776572', '11153776572', '11153776572']"
16,0cpqdIGBOfpEdgOTdolwhE,sssuzy13,0,5,"['55qBw1900pZKfXJ6Q9A2Lc', '2HUrnrn2N9XQvbvnDh5jPU', '1HNs07uZxZniPNmniw2GTa', '79fZYYQkY4U8rMiomn7xw5', '4oRqSiVyGrwb8dnJBO6FNu']","['2017-11-14T05:09:58Z', '2017-11-14T05:10:03Z', '2017-11-14T05:10:41Z', '2017-11-14T05:11:20Z', '2017-11-14T05:14:31Z']","['sssuzy13', 'sssuzy13', 'sssuzy13', 'sssuzy13', 'sssuzy13']"
17,3y5sk1p2uKU02FRcalXDTy,mickhaselden,2180,27,"['3uaVBN30VnGcsFxTvFbRK2', '4wtl1YHCSnDpAqfofOXgVd', '3WcVz02Z1S2oAbQrwg9WHl', '6alFKu4Q42mZmwpSopFS4R', '6t6xjSmkJxVILDzmiKCBpR', '43hQXmbCuQM9RxW6SczbX9', '5IGRGDdbkUmGmGSD2k3JVa', '7EC10SjtzKV7afLKZX1pnM', '6ZrSJtQ5NM00bcOteeZAGy', '5OuYZMb9jcIiyPAXTFb1uz', '0cuM5VdHUgIViD8fHIZZVo', '7Dt3BdQQFFqWcUAF71rODU', '1RWebsaSwDGrRW58Eonrfc', '6b5r6F0aUP7sGlhAq3EsWd', '6FsbiqnpZ471mdotlEAjI5', '6U7DdqqtHVcZechw6vBNBW', '71V50JDkQq0KsrPrAHTwNG', '2RwmNyqiut7LkVvibnaiwS', '1cslsn2prZLLBZifIRkwqq', '68P4UV8bAS8f08AQhtx7GX', '5lUgeWuPd0CUWUkmagX6YV', '0HCeB8hMardWXiY1xyHoVI', '6VFsANQUaZhXIGbaqP2Yhf', '6raP9xe0sQiRWefNrfQEx9', '0LmcUSRZggteiwxy9IpL9V', '4cUMtaHxN6VLQQsdd2s1dN', '1RmhAgls8Stsec6a0pSy60']","['2017-11-25T10:53:35Z', '2017-11-19T17:17:16Z', '2017-11-19T17:17:16Z', '2017-11-19T17:17:16Z', '2017-11-19T17:17:16Z', '2017-11-19T17:17:16Z', '2017-11-19T17:17:16Z', '2017-11-19T17:17:16Z', '2017-11-19T17:17:16Z', '2017-11-19T17:17:16Z', '2017-11-19T17:17:16Z', '2017-11-19T17:17:16Z', '2017-11-19T17:17:16Z', '2017-11-19T17:17:16Z', '2017-11-19T17:17:16Z', '2017-11-19T17:17:16Z', '2017-11-19T17:17:16Z', '2017-11-19T17:17:16Z', '2017-11-19T17:17:16Z', '2017-11-19T17:17:16Z', '2017-11-19T17:17:16Z', '2017-11-19T17:17:16Z', '2017-11-19T17:17:16Z', '2017-11-19T17:17:16Z', '2017-11-19T17:17:16Z', '2017-11-19T17:17:16Z', '2017-11-23T17:33:18Z']","['mickhaselden', 'mickhaselden', 'mickhaselden', 'mickhaselden', 'mickhaselden', 'mickhaselden', 'mickhaselden', 'mickhaselden', 'mickhaselden', 'mickhaselden', 'mickhaselden', 'mickhaselden', 'mickhaselden', 'mickhaselden', 'mickhaselden', 'mickhaselden', 'mickhaselden', 'mickhaselden', 'mickhaselden', 'mickhaselden', 'mickhaselden', 'mickhaselden', 'mickhaselden', 'mickhaselden', 'mickhaselden', 'mickhaselden', 'mickhaselden']"
18,3kCN0aICbIUs7RjgVK00s6,1177637361,4,58,"['1Wl8eGdNRODM6p8LYP2ACB', '2Pavqy0vPxGilGe0IIetdP', '4orHVYvdG5v4G4bmp2Lwdg', '5ZdzNVOmCSp5HFLk0EgvJS', '1j8z4TTjJ1YOdoFEDwJTQa', '51UtgWS4z1eMPuLQOzPtNH', '5y4hY8mF2yHoeQkZjrj9ro', '5UzyqF1ozxGAFQBeFn8kT2', '6mgFZyfPsiLnFcSMTWL2Q9', '3sfJ25UPZA2iiLwPV6iwye', '6PCHYfrelpsYzw6Ql76rP2', '38YgZVHPWOWsKrsCXz6JyP', '3z0BJumbEc1UEGRPaIW6bj', '5WSdMcWTKRdN1QYVJHJWxz', '1x8AFBt9UEMRY41fSxi7aA', '4G2yqD7N1igPRafkvJb7S4', '2AxlOXHia0PzgHDI6SrsW2', '4XHjt7mlKGwiwPPD1owV7w', '5z9x3YY4jnP5W9earHccWu', '1P5OPN8MbPgFznEp1b7OiN', '0mBKv9DkYfQHjdMcw2jdyI', '0iBGgTRtJU8XEjdRL8ZFQi', '3h8mGFJU0OSrMGyOSRF5xH', '5Gz1PxujU62sfecQpB0Stm', '0Ch2aFuHRl4ZH2uydBXede', '3utsJdhRUrJA8avrOawi8D', '7h6lpVuSGPW6RNjDXKpYDh', '0PRQlfd2DplZWlitPXww38', '1dNIEtp7AY3oDAKCGg2XkH', '4kbj5MwxO1bq9wjT5g9HaA', '0z8yrlXSjnI29Rv30RssNI', '3aoAkxvRjwhXDajp5aSZS6', '3s4U7OHV7gnj42VV72eSZ6', '1XT95SWe6U0nZmchAfZh2T', '0v9Wz8o0BT8DU38R4ddjeH', '3cOO5IQtOYs7huq4Z6lYfr', '3KEckuvqN5vMArg7R6OUBS', '2oLyuMm9nO4xYUzWZAUU6u', '2Aa1wE8ofs2tu59TOQrZKW', '5Hn9FgeusJsPtOdDWHb5ve', '4izP2KMwrhAdZEtIyp8Z8w', '3jEPu6FD1icy9cLllhB2XK', '1HTvqpSZrJ27fKdhpnot3S', '3ESSGgWzRf1xvP7G5hHMhB', '1RwwmiVtLAtPmxAqKVfwgG', '0idc0XRnLRovVqpWnGQ6hC', '5efuBeQd7Y2Q2kXOeiMpRo', '0sQCIDkQOT40k9u6Ps4prc', '19EW6Vym5fcwTulEPjyrCt', '6gpcs5eMhJwax4mIfKDYQk', '0tKcYR2II1VCQWT79i5NrW', '0tICYNayWWhH9GPeFrfjfD', '1zN59hyXVBiDZm31OPU4xR', '42LHFuJqawKWc4aBDSKVfR', '71wT7aMCFPYfzutF66OLac', '0fF8FbqavtIsD6AMDRuzHQ', '5a3MulSI25BDyBGg1Gsfpz', '7GyDcM22nxCJHcQa11fbYk']","['2017-08-20T07:55:26Z', '2017-08-20T07:56:33Z', '2017-08-20T07:56:57Z', '2017-08-20T07:57:20Z', '2017-08-20T07:59:09Z', '2017-08-20T08:04:29Z', '2017-08-20T08:05:12Z', '2017-08-20T08:07:25Z', '2017-08-20T08:11:47Z', '2017-08-20T08:21:38Z', '2017-08-20T08:38:17Z', '2017-08-20T08:38:26Z', '2017-08-20T08:42:59Z', '2017-08-20T08:43:08Z', '2017-08-20T08:43:47Z', '2017-08-20T08:45:57Z', '2017-08-20T08:48:33Z', '2017-08-20T09:47:22Z', '2017-08-20T09:47:41Z', '2017-08-20T09:50:00Z', '2017-08-20T09:54:15Z', '2017-08-20T09:57:40Z', '2017-08-20T10:01:54Z', '2017-08-20T10:03:28Z', '2017-08-20T10:07:05Z', '2017-08-20T10:09:06Z', '2017-08-20T10:11:09Z', '2017-08-20T10:14:56Z', '2017-08-20T10:15:39Z', '2017-08-20T10:18:24Z', '2017-08-20T10:20:28Z', '2017-08-20T10:23:48Z', '2017-08-20T10:24:01Z', '2017-08-20T10:28:01Z', '2017-08-20T10:31:13Z', '2017-08-20T10:31:47Z', '2017-08-20T10:35:58Z', '2017-08-20T10:38:37Z', '2017-08-20T10:43:07Z', '2017-08-20T10:43:39Z', '2017-08-20T10:44:41Z', '2017-08-20T10:45:45Z', '2017-08-20T10:45:57Z', '2017-08-20T10:46:12Z', '2017-08-20T10:46:29Z', '2017-08-20T10:48:09Z', '2017-08-26T15:32:57Z', '2017-09-01T16:56:49Z', '2017-11-01T04:17:59Z', '2017-11-05T10:04:14Z', '2017-11-06T08:55:05Z', '2017-11-10T07:00:52Z', '2017-11-10T08:38:12Z', '2017-11-10T08:52:18Z', '2017-11-10T09:00:50Z', '2017-11-10T15:13:15Z', '2017-11-15T03:59:36Z', '2017-11-15T12:31:55Z']","['1177637361', '1177637361', '1177637361', '1177637361', '1177637361', '1177637361', '1177637361', '1177637361', '1177637361', '1177637361', '1177637361', '1177637361', '1177637361', '1177637361', '1177637361', '1177637361', '1177637361', '1177637361', '1177637361', '1177637361', '1177637361', '1177637361', '1177637361', '1177637361', '1177637361', '1177637361', '1177637361', '1177637361', '1177637361', '1177637361', '1177637361', '1177637361', '1177637361', '1177637361', '1177637361', '1177637361', '1177637361', '1177637361', '1177637361', '1177637361', '1177637361', '1177637361', '1177637361', '1177637361', '1177637361', '1177637361', '1177637361', '1177637361', '1177637361', '1177637361', '1177637361', '1177637361', '1177637361', '1177637361', '1177637361', '1177637361', '1177637361', '1177637361']"
19,6Gp2LEVuxRpLEGl1hr0Ilt,1117462564,4962,670,"['2OErSh4oVVAUll0vHxdr6p', '0HUC5B1jKmEtuPWn75qgZT', '0myeTJ993kXE4vN0IPchcc', '0NptWvZDRUp1OQrZ9gtHOg', '2pNtf9j22cPJ2M8nkE5X1e', '78tohUCFtANyQCWrbGgHMH', '2DFRFqWNahKtFD112H2iEZ', '5QzTKoV71zuDilmtCkdU8A', '4cOthj7olYH8USWPQWGuui', '6Rcv8LeOnK2i2MZ19n2fl4', '5aZsRVl7V7Wn8GKYCtqtkf', '5U8mLMZqYiR1ETLAniWqbx', '4u5caeri2MC9V32n9OBuZT', '23hQUfK1c9Pujue8UpX0nV', '55uHgEQV1BVtTbI72uEpOq', '3egOYMcML1gY2yM9GOvuXU', '6ATH6aujFr1WvHaIWH8mO0', '21fwl40hc9je4kf2zEYTrP', '3pyTksNccLM1jRvzQ4zTke', '3zIIjuvnDALIs9WNl3w3uT', '44hnQCRhXK9hq2z2xNbHp0', '2OKqm0CSyCdVION9xoeZaU', '7uurJfwCTZ0iqVJlu6kj3k', '6Fmnn7nFUcyBbiJ85dvqpg', '46mPbpgLnLAA6ZvOTcP4as', '5ps4UKTWmq8xdzt9m8R70k', '0y9XvlXlJeM4V5ZRrtTtCv', '4GQhneb43FYda0g6P4pmwa', '3CeYdUfGPCjKMDYyI1PpCh', '2M9ro2krNb7nr7HSprkEgo', '3jzRn8NfDKrpjTBYebD44p', '61S0mEfdRtJ62Fc7fPqx0U', '2o49Twc3qrNMOt8gq9W06L', '3pyjJrvYubl5klFaLTCLQg', '4iXcPgkzZwAPTw8555sHjH', '4iDHwCc29r1TwWcxYOieZ6', '4hcBJfogkdbHWnA55xSVRG', '3IVXG1Kg2BVKMuNs2pIOf6', '0nf3lHp1oIkCCpmFpBxi7y', '4jWtqHOLwFoXMsXtlnBK7v', '21cp8L9Pei4AgysZVihjSv', '7zPyyV3kRtp9PWtPJJbNZ1', '3vGhQoG6IalBCxkEr6Aw6v', '28mZXE5Fd9XRMdb5e2aKk7', '2XqTTDg835sjCyyFEvhYyr', '2uTZSZHZnbBgh4plXJmLjo', '1cTrWlx7OSaJf3pLpiYRRR', '2mymVIyPTziSN5Eu8Eid5E', '29ewCrZ4wkzVBCoFZenyqV', '1B1Qz87myAVVr2Wb82ZcS3', '35NQhZI95G4I6y4wtXlHq9', '0okZFg6eU3vzKIgJGEqhNm', '5vrKEX1dsW34A2gQW80WBn', '5le0k7yvbMCHH2Xa1tEpAL', '5l91KHr9uF8wdSdtRoZba8', '4q5cQyhhUW5X0PQVzA8VsG', '1TLjb9skf1LU94swA1TQCU', '0j5FJJOmmnXPd0XajFWkMF', '6A9L8ESlAqzPCPlDbB9XU2', '3KAHHh2Tz6Z1qFZOqzNAvF', '5ft1GmMZA4uNX7afvQfDLn', '69m2f2jbcsxvwbA0RlspCU', '4YyWhIiaUdubZX9bW71rRV', '3ZORmtq9HSYhdiyeeJyKHb', '4rAq2TZ3yeHcVHfoTcLnwq', '6TSP9oSbXONHk39GHvOSs3', '1OgzwQPCJby16nUMpGKupA', '0gWvVB4bGvADocoPMEDy3K', '42dsUTJpzMWUJfEkzsbKWl', '12oSzrBIyirNs0aCwk6elL', '4WVfYFmh7vpp0lXpa327kb', '5wzkhHeVrfsjtiZaXtYxf7', '2AZEG5zueMzjjo1Jbmr7Sf', '1xol3obsRnpAFQkABF3pTs', '0Jci9dBlCSDgL5ivMMSAQx', '6HksxcBzMVdT17aq1Q79Xe', '7yAKvxn9iW6O9W0XKpSH8c', '614dpc6m0q6YGFmGchFGx1', '5qv0ohJV2QNwga79jLNDYQ', '5N2WULg6bU9oDNJHVwvZS1', '53cPw8Y7AeTI4bAyA7yuCh', '2WOppEo6R5vTjTsrYhM6Ei', '1sEbWY6zZpmNouj0kPN4XS', '6ZygaqgtPkiahkiYJhYWhn', '1Y0nHXsodBTHKImcEJLHao', '27m1soUndRthrAA1ediOXn', '30zdnn2RvVHgIrsoNRvO9Z', '2C4aYxNpoPkmoZ3ZdPeuOB', '5ppqXcqtulwI36Omdde0Mq', '6cwXXG46JNcR6ETzgPpGoN', '3ZFwuJwUpIl0GeXsvF1ELf', '2NMgVh5qaPprKTEzFe3501', '72WZtWs6V7uu3aMgMmEkYe', '1pwE0jB6MTtTWx8fzqriAj', '0Es86fEJ5PMGc4hXuRnrnO', '4ToQILTCaIfpA70tXIkzJe', '5QUuPcnKApzahddKVQTcpl', '0Il2qy8nPnuQIxAWdP3zF3', '3QgG7he7qZ8sgWbvPs1Km6', '6vJZnE3jJWfxOIVONjntUO']","['2015-05-19T14:35:35Z', '2013-07-05T10:32:51Z', '2013-07-12T15:21:14Z', '2013-07-05T10:35:33Z', '2013-07-10T09:11:29Z', '2013-07-01T13:59:58Z', '2013-07-01T13:58:37Z', '2013-07-05T10:38:00Z', '2013-07-05T10:32:21Z', '2013-07-01T13:59:40Z', '2013-07-01T13:56:13Z', '2016-10-31T07:55:03Z', '2013-07-01T14:42:56Z', '2013-07-10T09:13:30Z', '2013-07-05T10:34:07Z', '2013-07-05T10:35:48Z', '2013-07-05T10:36:09Z', '2013-07-05T10:36:50Z', '2013-07-06T09:04:48Z', '2013-07-06T09:06:24Z', '2013-07-06T09:09:40Z', '2013-07-06T09:11:03Z', '2013-07-12T15:18:38Z', '2013-07-08T12:34:37Z', '2013-07-01T14:00:37Z', '2013-07-12T15:24:11Z', '2013-07-08T13:47:57Z', '2013-07-08T13:48:41Z', '2013-07-12T15:07:10Z', '2013-07-08T13:48:56Z', '2013-07-08T13:49:17Z', '2013-07-05T10:36:38Z', '2013-07-12T15:53:49Z', '2013-07-10T09:18:52Z', '2013-07-12T15:15:50Z', '2013-07-12T15:16:51Z', '2013-07-12T15:18:05Z', '2013-07-10T09:11:35Z', '2013-07-12T15:21:34Z', '2013-07-12T15:23:04Z', '2013-07-10T09:12:18Z', '2013-07-12T15:23:28Z', '2013-07-12T15:24:15Z', '2013-07-12T15:31:41Z', '2013-07-12T15:34:59Z', '2013-07-12T15:35:18Z', '2013-07-12T15:36:31Z', '2013-07-12T16:00:56Z', '2013-07-12T15:39:27Z', '2013-07-12T15:41:31Z', '2013-07-12T15:23:52Z', '2013-07-12T15:43:28Z', '2013-07-12T15:44:34Z', '2013-07-12T15:45:48Z', '2013-07-12T15:46:03Z', '2013-07-12T15:51:16Z', '2013-07-12T15:51:16Z', '2013-07-13T10:12:01Z', '2013-07-13T09:45:26Z', '2013-07-13T10:09:31Z', '2013-07-12T15:53:37Z', '2013-07-12T15:54:03Z', '2013-07-12T15:54:20Z', '2015-11-27T15:41:11Z', '2013-07-12T15:55:18Z', '2013-07-12T15:56:19Z', '2013-07-13T09:59:29Z', '2013-07-12T16:00:11Z', '2013-07-12T16:00:34Z', '2013-07-13T10:14:52Z', '2013-07-18T15:52:42Z', '2013-07-12T16:00:45Z', '2013-07-12T16:03:41Z', '2013-07-12T16:05:32Z', '2013-07-12T16:06:03Z', '2013-07-15T16:57:45Z', '2013-07-13T09:48:50Z', '2013-07-13T09:49:19Z', '2013-07-13T09:53:22Z', '2013-07-13T09:57:39Z', '2013-07-13T10:00:44Z', '2013-07-13T10:00:58Z', '2013-07-13T10:03:10Z', '2013-07-13T10:03:38Z', '2013-07-13T10:09:47Z', '2013-07-13T10:11:06Z', '2013-07-13T10:12:23Z', '2013-07-13T09:50:07Z', '2013-07-13T09:44:25Z', '2013-07-13T10:12:41Z', '2013-07-13T10:14:33Z', '2013-07-18T16:13:35Z', '2013-07-18T16:31:44Z', '2013-07-18T16:17:21Z', '2013-07-14T10:16:12Z', '2013-07-18T16:20:43Z', '2013-07-16T14:30:42Z', '2013-07-18T16:23:04Z', '2013-07-18T15:45:14Z', '2013-07-18T15:47:36Z']","['1117462564', '1117462564', '1117462564', '1117462564', '1117462564', '1117462564', '1117462564', '1117462564', '1117462564', '1117462564', '1117462564', '1117462564', '1117462564', '1117462564', '1117462564', '1117462564', '1117462564', '1117462564', '1117462564', '1117462564', '1117462564', '1117462564', '1117462564', '1117462564', '1117462564', '1117462564', '1117462564', '1117462564', '1117462564', '1117462564', '1117462564', '1117462564', '1117462564', '1117462564', '1117462564', '1117462564', '1117462564', '1117462564', '1117462564', '1117462564', '1117462564', '1117462564', '1117462564', '1117462564', '1117462564', '1117462564', '1117462564', '1117462564', '1117462564', '1117462564', '1117462564', '1117462564', '1117462564', '1117462564', '1117462564', '1117462564', '1117462564', '1117462564', '1117462564', '1117462564', '1117462564', '1117462564', '1117462564', '1117462564', '1117462564', '1117462564', '1117462564', '1117462564', '1117462564', '1117462564', '1117462564', '1117462564', '1117462564', '1117462564', '1117462564', '1117462564', '1117462564', '1117462564', '1117462564', '1117462564', '1117462564', '1117462564', '1117462564', '1117462564', '1117462564', '1117462564', '1117462564', '1117462564', '1117462564', '1117462564', '1117462564', '1117462564', '1117462564', '1117462564', '1117462564', '1117462564', '1117462564', '1117462564', '1117462564', '1117462564']"
20,0QO3u9fRpyGWb47Loy2Skd,1231900366,1,23,"['0KJ0CwNDO83xxvm4Sepcs2', '15EQEJEmEUWOMX3sd6idWy', '5R2OeM7jWaLEfZKoY04brH', '12VWzyPDBCc8fqeWCAfNwR', '0qDLgY0B1c0WAWTP5x2sQl', '045sp2JToyTaaKyXkGejPy', '2ILlxwDk9KbvwartpCTtqS', '3AA8xNhDC0MpqwkGX3EP5V', '3SdTKo2uVsxFblQjpScoHy', '707dvxudrkCz8F5o0V1AmG', '02kqNEFXbcFg22pyvUyjmI', '2c7H254xlKoGhmZT194C0T', '1qxJ39mZizpIkHxWJcwq64', '1ZUj6t3goYbtWrCKFnwzIf', '703b51gh4ah7GYTYwKphj5', '0uDK3rBJGZyPsOxsDnGS38', '4PfnbidLu0SYjISbFlscRk', '4d01QAhghe1le9Eonq906a', '3SWZ9fHtWMxwkFok5qhhpO', '0eRmtSoKvnuEYXbbPshaUO', '1oTHteQbmJw15rPxPVXUTv', '5wwLfjdiSHsgKyEO6V5rDe', '6QocpPxFJFbeSuD4ABoHKx']","['2017-01-04T09:35:52Z', '2017-01-04T09:35:52Z', '2017-01-04T09:35:52Z', '2017-01-04T09:35:52Z', '2017-01-04T09:35:52Z', '2017-01-04T09:35:52Z', '2017-01-04T09:35:52Z', '2017-01-04T09:35:52Z', '2017-01-04T09:35:52Z', '2017-01-04T09:35:52Z', '2017-01-04T09:35:52Z', '2017-01-04T09:35:52Z', '2017-01-04T09:35:52Z', '2017-01-04T09:35:52Z', '2017-01-04T09:35:52Z', '2017-01-04T09:35:52Z', '2017-01-04T09:35:52Z', '2017-01-04T09:35:52Z', '2017-01-04T09:35:52Z', '2017-01-04T09:35:52Z', '2017-01-04T09:35:52Z', '2017-01-04T09:35:52Z', '2017-01-04T09:35:52Z']","['1231900366', '1231900366', '1231900366', '1231900366', '1231900366', '1231900366', '1231900366', '1231900366', '1231900366', '1231900366', '1231900366', '1231900366', '1231900366', '1231900366', '1231900366', '1231900366', '1231900366', '1231900366', '1231900366', '1231900366', '1231900366', '1231900366', '1231900366']"
21,6QCsCytCKBbe8jU3WVL22Y,matheusrmd,0,12,"['383DJSY68n0evEG7Y0q2KN', '7pqgMEKsDMOHUdFQ7n0N9K', '0M3HkE321xpCbCYqVKzr1q', '54X4KTDuPvRt4DydkREVUC', '6xrvubhznLOcEO3AM6XBN2', '2kgT6sMwXd3mdeXhBbLMQe', '3VZmChrnVW8JK6ano4gSED', '1pGA0icJLdcmeB5XJ2ahas', '4xane4MooVAOPt8XSb5h4u', '6V775dYuMO5BKjo9C3nhqL', '4YVjOnSTkv0ZVdgI6sS7Wb', '1HNkqx9Ahdgi1Ixy2xkKkL']","['2015-11-28T12:41:59Z', '2015-11-28T12:41:59Z', '2015-11-28T12:41:59Z', '2015-11-30T21:43:49Z', '2015-12-06T11:35:42Z', '2015-12-06T11:38:30Z', '2015-12-06T11:43:15Z', '2015-12-06T15:03:09Z', '2015-12-07T20:59:49Z', '2015-12-13T13:49:55Z', '2016-01-23T10:14:20Z', '2016-01-23T10:32:43Z']","['matheusrmd', 'matheusrmd', 'matheusrmd', 'matheusrmd', 'matheusrmd', 'matheusrmd', 'matheusrmd', 'matheusrmd', 'matheusrmd', 'matheusrmd', 'matheusrmd', 'matheusrmd']"
22,5wYhBEg0bTkDRGGZJTFpnh,franvalverde93,2,17,"['2b9vKFeg5Wz7mM4HfUbqJS', '1YqhAObCTtY1fknQfK1h2d', '0vLJOfGD9un0zK5K4UlTO4', '6NxggLv7I0Xjuv5Hiets1S', '1V80yklHx5rL3SjD45uoqs', '6kPwvezY3O4b0KZEUukgyc', '3SgvnQco35HHgE75uMZ5C2', '3Nq1DpXZuXVcM7wKq6t3FV', '6hQbwgOD6Xf0U5zdH1QL5w', '6dmdcmKuGv8wLMwwCrCuya', '2XXP73OwM2WvZ2vcXAIDz3', '1tluxEcS2ii7x4IbuXUzRH', '7lalwFWkfuG2cBoZmDRoSQ', '56evB0UmUEPaIKLPFYryXw', '0yi57jw3BLJT7NqdYKf3SL', '6ohZq9GaEOjg807V1LRV2F', '1cZhQahZUx6cTAaB61MNce']","['2017-09-01T06:30:11Z', '2017-09-01T06:30:11Z', '2017-09-01T06:30:11Z', '2017-09-01T06:30:11Z', '2017-09-01T06:30:11Z', '2017-09-01T06:30:11Z', '2017-09-01T06:30:11Z', '2017-09-01T06:30:11Z', '2017-09-01T06:30:11Z', '2017-09-01T06:30:11Z', '2017-09-01T06:30:11Z', '2017-09-01T06:30:11Z', '2017-09-01T06:30:11Z', '2017-09-01T06:30:11Z', '2017-09-01T06:30:11Z', '2017-09-12T14:12:01Z', '2017-11-25T08:25:14Z']","['franvalverde93', 'franvalverde93', 'franvalverde93', 'franvalverde93', 'franvalverde93', 'franvalverde93', 'franvalverde93', 'franvalverde93', 'franvalverde93', 'franvalverde93', 'franvalverde93', 'franvalverde93', 'franvalverde93', 'franvalverde93', 'franvalverde93', 'franvalverde93', 'franvalverde93']"
