name,url
Aaron Carter,https://www.usmagazine.com/celebrities/aaron-carter/
Aaron Eckhart,https://www.usmagazine.com/celebrities/aaron-eckhart/
Abbie Cornish,https://www.usmagazine.com/celebrities/abbie-cornish/
Ace Young,https://www.usmagazine.com/celebrities/ace-young/
Adam Brody,https://www.usmagazine.com/celebrities/adam-brody/
Adam Duritz,https://www.usmagazine.com/celebrities/adam-duritz/
Adam Lambert,https://www.usmagazine.com/celebrities/adam-lambert/
Adam Levine,https://www.usmagazine.com/celebrities/adam-levine/
Adam Sandler,https://www.usmagazine.com/celebrities/adam-sandler/
Adele,https://www.usmagazine.com/celebrities/adele/
Adrian Grenier,https://www.usmagazine.com/celebrities/adrian-grenier/
Adrien Brody,https://www.usmagazine.com/celebrities/adrien-brody/
Alanis Morissette,https://www.usmagazine.com/celebrities/alanis-morissette/
Alec Baldwin,https://www.usmagazine.com/celebrities/alec-baldwin/
Alessandra Ambrosio,https://www.usmagazine.com/celebrities/alessandra-ambrosio/
Alex McCord,https://www.usmagazine.com/celebrities/alex-mccord/
Alex O'Loughlin,https://www.usmagazine.com/celebrities/alex-o-loughlin/
Alex Pettyfer,https://www.usmagazine.com/celebrities/alex-pettyfer/
Alex Rodriguez,https://www.usmagazine.com/celebrities/alex-rodriguez/
Alexander Ludwig,https://www.usmagazine.com/celebrities/alexander-ludwig/
Alexander Skarsgard,https://www.usmagazine.com/celebrities/alexander-skarsgard/
Alexis Bledel,https://www.usmagazine.com/celebrities/alexis-bledel/
Ali Fedotowsky,https://www.usmagazine.com/celebrities/ali-fedotowsky/
Ali Larter,https://www.usmagazine.com/celebrities/ali-larter/
Alicia Keys,https://www.usmagazine.com/celebrities/alicia-keys/
Alicia Silverstone,https://www.usmagazine.com/celebrities/alicia-silverstone/
Alison Sweeney,https://www.usmagazine.com/celebrities/alison-sweeney/
Allison Williams,https://www.usmagazine.com/celebrities/allison-williams/
Alyson Hannigan,https://www.usmagazine.com/celebrities/alyson-hannigan/
Alyssa Milano,https://www.usmagazine.com/celebrities/alyssa-milano/
Amanda Bynes,https://www.usmagazine.com/celebrities/amanda-bynes/
Amanda Peet,https://www.usmagazine.com/celebrities/amanda-peet/
Amanda Seyfried,https://www.usmagazine.com/celebrities/amanda-seyfried/
Amber Portwood,https://www.usmagazine.com/celebrities/amber-portwood/
Amber Riley,https://www.usmagazine.com/celebrities/amber-riley/
Amber Rose,https://www.usmagazine.com/celebrities/amber-rose/
America Ferrera,https://www.usmagazine.com/celebrities/america-ferrera/
Amy Adams,https://www.usmagazine.com/celebrities/amy-adams/
Amy Poehler,https://www.usmagazine.com/celebrities/amy-poehler/
Amy Winehouse,https://www.usmagazine.com/celebrities/amy-winehouse/
Ana Ortiz,https://www.usmagazine.com/celebrities/ana-ortiz/
Anderson Cooper,https://www.usmagazine.com/celebrities/anderson-cooper/
Andi Dorfman,https://www.usmagazine.com/celebrities/andi-dorfman/
Andrew Firestone,https://www.usmagazine.com/celebrities/andrew-firestone/
Andrew Garfield,https://www.usmagazine.com/celebrities/andrew-garfield/
Andy Cohen,https://www.usmagazine.com/celebrities/andy-cohen/
Andy Roddick,https://www.usmagazine.com/celebrities/andy-roddick/
Andy Samberg,https://www.usmagazine.com/celebrities/andy-samberg/
Angelina Jolie,https://www.usmagazine.com/celebrities/angelina-jolie/
Angelina Pivarnick,https://www.usmagazine.com/celebrities/angelina-pivarnick/
Angie Harmon,https://www.usmagazine.com/celebrities/angie-harmon/
Anna Faris,https://www.usmagazine.com/celebrities/anna-faris/
Anna Kendrick,https://www.usmagazine.com/celebrities/anna-kendrick/
Anna Kournikova,https://www.usmagazine.com/celebrities/anna-kournikova/
Anna Nicole Smith,https://www.usmagazine.com/celebrities/anna-nicole-smith/
Anna Paquin,https://www.usmagazine.com/celebrities/anna-paquin/
Anna Wintour,https://www.usmagazine.com/celebrities/anna-wintour/
AnnaLynne McCord,https://www.usmagazine.com/celebrities/annalynne-mccord/
AnnaSophia Robb,https://www.usmagazine.com/celebrities/annasophia-robb/
Anne Hathaway,https://www.usmagazine.com/celebrities/anne-hathaway/
Annette Bening,https://www.usmagazine.com/celebrities/annette-bening/
Ariana Grande,https://www.usmagazine.com/celebrities/ariana-grande/
Ariel Winter,https://www.usmagazine.com/celebrities/ariel-winter/
Armie Hammer,https://www.usmagazine.com/celebrities/armie-hammer/
Arnold Schwarzenegger,https://www.usmagazine.com/celebrities/arnold-schwarzenegger/
Ashlee Simpson,https://www.usmagazine.com/celebrities/ashlee-simpson/
Ashley Benson,https://www.usmagazine.com/celebrities/ashley-benson/
Ashley Greene,https://www.usmagazine.com/celebrities/ashley-greene/
Ashley Hebert,https://www.usmagazine.com/celebrities/ashley-hebert/
Ashley Judd,https://www.usmagazine.com/celebrities/ashley-judd/
Ashley Olsen,https://www.usmagazine.com/celebrities/ashley-olsen/
Ashley Tisdale,https://www.usmagazine.com/celebrities/ashley-tisdale/
Ashton Kutcher,https://www.usmagazine.com/celebrities/ashton-kutcher/
Aubrey O'Day,https://www.usmagazine.com/celebrities/aubrey-o-day/
Audrina Patridge,https://www.usmagazine.com/celebrities/audrina-patridge/
Avril Lavigne,https://www.usmagazine.com/celebrities/avril-lavigne/
B.J. Novak,https://www.usmagazine.com/celebrities/b-j-novak/
Balthazar Getty,https://www.usmagazine.com/celebrities/balthazar-getty/
Bar Refaeli,https://www.usmagazine.com/celebrities/bar-refaeli/
Barack Obama,https://www.usmagazine.com/celebrities/barack-obama/
Barbara Walters,https://www.usmagazine.com/celebrities/barbara-walters/
Barry Zito,https://www.usmagazine.com/celebrities/barry-zito/
Ben Affleck,https://www.usmagazine.com/celebrities/ben-affleck/
Ben Flajnik,https://www.usmagazine.com/celebrities/ben-flajnik/
Benedict Cumberbatch,https://www.usmagazine.com/celebrities/benedict-cumberbatch/
Benjamin McKenzie,https://www.usmagazine.com/celebrities/benjamin-mckenzie/
Benji Madden,https://www.usmagazine.com/celebrities/benji-madden/
Bethenny Frankel,https://www.usmagazine.com/celebrities/bethenny-frankel/
Bill Rancic,https://www.usmagazine.com/celebrities/bill-rancic/
Billy Ray Cyrus,https://www.usmagazine.com/celebrities/billy-ray-cyrus/
Blake Lewis,https://www.usmagazine.com/celebrities/blake-lewis/
Blake Lively,https://www.usmagazine.com/celebrities/blake-lively/
Blake Shelton,https://www.usmagazine.com/celebrities/blake-shelton/
Bob Harper,https://www.usmagazine.com/celebrities/bob-harper/
Bobbi Kristina Brown,https://www.usmagazine.com/celebrities/bobbi-kristina-brown/
Boo Boo Stewart,https://www.usmagazine.com/celebrities/boo-boo-stewart/
Brad Goreski,https://www.usmagazine.com/celebrities/brad-goreski/
Brad Paisley,https://www.usmagazine.com/celebrities/brad-paisley/
Brad Pitt,https://www.usmagazine.com/celebrities/brad-pitt/
Brad Womack,https://www.usmagazine.com/celebrities/brad-womack/
Bradley Cooper,https://www.usmagazine.com/celebrities/bradley-cooper/
Brandi Glanville,https://www.usmagazine.com/celebrities/brandi-glanville/
Brandon Davis,https://www.usmagazine.com/celebrities/brandon-davis/
Brandy Norwood,https://www.usmagazine.com/celebrities/brandy-norwood/
Bret Michaels,https://www.usmagazine.com/celebrities/bret-michaels/
Brian Austin Green,https://www.usmagazine.com/celebrities/brian-austin-green/
Bridget Marquardt,https://www.usmagazine.com/celebrities/bridget-marquardt/
Bridget Moynahan,https://www.usmagazine.com/celebrities/bridget-moynahan/
Bristol Palin,https://www.usmagazine.com/celebrities/bristol-palin/
Britney Spears,https://www.usmagazine.com/celebrities/britney-spears/
Brittany Murphy,https://www.usmagazine.com/celebrities/brittany-murphy/
Brittany Snow,https://www.usmagazine.com/celebrities/brittany-snow/
Bruno Mars,https://www.usmagazine.com/celebrities/bruno-mars/
Bryce Dallas Howard,https://www.usmagazine.com/celebrities/bryce-dallas-howard/
Cacee Cobb,https://www.usmagazine.com/celebrities/cacee-cobb/
Caitlyn Jenner,https://www.usmagazine.com/celebrities/caitlyn-jenner/
Caleb Followill,https://www.usmagazine.com/celebrities/caleb-followill/
Calista Flockhart,https://www.usmagazine.com/celebrities/calista-flockhart/
Cam Gigandet,https://www.usmagazine.com/celebrities/cam-gigandet/
Cameron Diaz,https://www.usmagazine.com/celebrities/cameron-diaz/
Camila Alves,https://www.usmagazine.com/celebrities/camila-alves/
Camilla Belle,https://www.usmagazine.com/celebrities/camilla-belle/
Camille Grammer,https://www.usmagazine.com/celebrities/camille-grammer/
Candice Accola,https://www.usmagazine.com/celebrities/candice-accola/
Cara Delevingne,https://www.usmagazine.com/celebrities/cara-delevingne/
Carey Mulligan,https://www.usmagazine.com/celebrities/carey-mulligan/
Carly Rae Jepsen,https://www.usmagazine.com/celebrities/carly-rae-jepsen/
Carmen Electra,https://www.usmagazine.com/celebrities/carmen-electra/
Caroline Manzo,https://www.usmagazine.com/celebrities/caroline-manzo/
Carrie Ann Inaba,https://www.usmagazine.com/celebrities/carrie-ann-inaba/
Carrie Underwood,https://www.usmagazine.com/celebrities/carrie-underwood/
Carson Daly,https://www.usmagazine.com/celebrities/carson-daly/
Cash Warren,https://www.usmagazine.com/celebrities/cash-warren/
Cat Deeley,https://www.usmagazine.com/celebrities/cat-deeley/
Cate Blanchett,https://www.usmagazine.com/celebrities/cate-blanchett/
Catherine Malandrino,https://www.usmagazine.com/celebrities/catherine-malandrino/
Catherine Zeta-Jones,https://www.usmagazine.com/celebrities/catherine-zeta-jones/
Chace Crawford,https://www.usmagazine.com/celebrities/chace-crawford/
Chad Kroeger,https://www.usmagazine.com/celebrities/chad-kroeger/
Chad Michael Murray,https://www.usmagazine.com/celebrities/chad-michael-murray/
Chad Ochocinco,https://www.usmagazine.com/celebrities/chad-ochocinco/
Chandra Wilson,https://www.usmagazine.com/celebrities/chandra-wilson/
Channing Tatum,https://www.usmagazine.com/celebrities/channing-tatum/
Charlie Sheen,https://www.usmagazine.com/celebrities/charlie-sheen/
Charlize Theron,https://www.usmagazine.com/celebrities/charlize-theron/
Chelsea Clinton,https://www.usmagazine.com/celebrities/chelsea-clinton/
Chelsea Handler,https://www.usmagazine.com/celebrities/chelsea-handler/
Cheyenne Kimball,https://www.usmagazine.com/celebrities/cheyenne-kimball/
Chris Evans,https://www.usmagazine.com/celebrities/chris-evans/
Chris Harrison,https://www.usmagazine.com/celebrities/chris-harrison/
Chris Pratt,https://www.usmagazine.com/celebrities/chris-pratt/
Christian Bale,https://www.usmagazine.com/celebrities/christian-bale/
Christian Slater,https://www.usmagazine.com/celebrities/christian-slater/
Christina Aguilera,https://www.usmagazine.com/celebrities/christina-aguilera/
Christina Applegate,https://www.usmagazine.com/celebrities/christina-applegate/
Christina Hendricks,https://www.usmagazine.com/celebrities/christina-hendricks/
Christina Milian,https://www.usmagazine.com/celebrities/christina-milian/
Christine Taylor,https://www.usmagazine.com/celebrities/christine-taylor/
Ciara,https://www.usmagazine.com/celebrities/ciara/
Cindy Crawford,https://www.usmagazine.com/celebrities/cindy-crawford/
Cisco Adler,https://www.usmagazine.com/celebrities/cisco-adler/
Claire Danes,https://www.usmagazine.com/celebrities/claire-danes/
Cobra Starship,https://www.usmagazine.com/celebrities/cobra-starship/
Colin Farrell,https://www.usmagazine.com/celebrities/colin-farrell/
Colton Haynes,https://www.usmagazine.com/celebrities/colton-haynes/
Conan O'Brien,https://www.usmagazine.com/celebrities/conan-o-brien/
Criss Angel,https://www.usmagazine.com/celebrities/criss-angel/
Cristiano Ronaldo,https://www.usmagazine.com/celebrities/cristiano-ronaldo/
Crystal Harris,https://www.usmagazine.com/celebrities/crystal-harris/
Cynthia Nixon,https://www.usmagazine.com/celebrities/cynthia-nixon/
Daisy De La Hoya,https://www.usmagazine.com/celebrities/daisy-de-la-hoya/
Dakota Fanning,https://www.usmagazine.com/celebrities/dakota-fanning/
Dane Cook,https://www.usmagazine.com/celebrities/dane-cook/
Daniel Craig,https://www.usmagazine.com/celebrities/daniel-craig/
Daniel Radcliffe,https://www.usmagazine.com/celebrities/daniel-radcliffe/
Danielle Staub,https://www.usmagazine.com/celebrities/danielle-staub/
Darren Criss,https://www.usmagazine.com/celebrities/darren-criss/
Dave Annable,https://www.usmagazine.com/celebrities/dave-annable/
Dave Navarro,https://www.usmagazine.com/celebrities/dave-navarro/
David Arquette,https://www.usmagazine.com/celebrities/david-arquette/
David Beckham,https://www.usmagazine.com/celebrities/david-beckham/
David Berrie,https://www.usmagazine.com/celebrities/david-berrie/
David Boreanaz,https://www.usmagazine.com/celebrities/david-boreanaz/
David Cook,https://www.usmagazine.com/celebrities/david-cook/
David Katzenberg,https://www.usmagazine.com/celebrities/david-katzenberg/
David Letterman,https://www.usmagazine.com/celebrities/david-letterman/
David Schwimmer,https://www.usmagazine.com/celebrities/david-schwimmer/
David Spade,https://www.usmagazine.com/celebrities/david-spade/
Dax Shepard,https://www.usmagazine.com/celebrities/dax-shepard/
Dean McDermott,https://www.usmagazine.com/celebrities/dean-mcdermott/
Debra Messing,https://www.usmagazine.com/celebrities/debra-messing/
Demi Lovato,https://www.usmagazine.com/celebrities/demi-lovato/
Denis Leary,https://www.usmagazine.com/celebrities/denis-leary/
Denise Richards,https://www.usmagazine.com/celebrities/denise-richards/
Dennis Rodman,https://www.usmagazine.com/celebrities/dennis-rodman/
Desiree Hartsock,https://www.usmagazine.com/celebrities/desiree-hartsock/
Diane Kruger,https://www.usmagazine.com/celebrities/diane-kruger/
Dianna Agron,https://www.usmagazine.com/celebrities/dianna-agron/
Dina Manzo,https://www.usmagazine.com/celebrities/dina-manzo/
DJ AM,https://www.usmagazine.com/celebrities/dj-am/
DJ Cassidy,https://www.usmagazine.com/celebrities/dj-cassidy/
DJ Pauly D,https://www.usmagazine.com/celebrities/dj-pauly-d/
Dolly Parton,https://www.usmagazine.com/celebrities/dolly-parton/
Donald Faison,https://www.usmagazine.com/celebrities/donald-faison/
Donald Trump,https://www.usmagazine.com/celebrities/donald-trump/
Drake,https://www.usmagazine.com/celebrities/drake/
Drew Barrymore,https://www.usmagazine.com/celebrities/drew-barrymore/
DSquared2,https://www.usmagazine.com/celebrities/dsquared2/
Ed Sheeran,https://www.usmagazine.com/celebrities/ed-sheeran/
Eddie Cibrian,https://www.usmagazine.com/celebrities/eddie-cibrian/
Eddie Redmayne,https://www.usmagazine.com/celebrities/eddie-redmayne/
Edie Falco,https://www.usmagazine.com/celebrities/edie-falco/
Edward Burns,https://www.usmagazine.com/celebrities/edward-burns/
Edward Norton,https://www.usmagazine.com/celebrities/edward-norton/
Elisabeth Hasselbeck,https://www.usmagazine.com/celebrities/elisabeth-hasselbeck/
Elisabeth Moss,https://www.usmagazine.com/celebrities/elisabeth-moss/
Elisabetta Canalis,https://www.usmagazine.com/celebrities/elisabetta-canalis/
Elizabeth Banks,https://www.usmagazine.com/celebrities/elizabeth-banks/
Elizabeth Olsen,https://www.usmagazine.com/celebrities/elizabeth-olsen/
Elizabeth Taylor,https://www.usmagazine.com/celebrities/elizabeth-taylor/
Elle Fanning,https://www.usmagazine.com/celebrities/elle-fanning/
Elle MacPherson and Sara Paxton,https://www.usmagazine.com/celebrities/elle-macpherson-and-sara-paxton/
Ellen Page,https://www.usmagazine.com/celebrities/ellen-page/
Emily Maynard,https://www.usmagazine.com/celebrities/emily-maynard/
Emily VanCamp,https://www.usmagazine.com/celebrities/emily-vancamp/
Emma Roberts,https://www.usmagazine.com/celebrities/emma-roberts/
Emma Stone,https://www.usmagazine.com/celebrities/emma-stone/
Emma Watson,https://www.usmagazine.com/celebrities/emma-watson/
Eric Dane,https://www.usmagazine.com/celebrities/eric-dane/
Erin Andrews,https://www.usmagazine.com/celebrities/erin-andrews/
Ethan Hawke,https://www.usmagazine.com/celebrities/ethan-hawke/
Eva Longoria,https://www.usmagazine.com/celebrities/eva-longoria/
Eva Mendes,https://www.usmagazine.com/celebrities/eva-mendes/
Evan Rachel Wood,https://www.usmagazine.com/celebrities/evan-rachel-wood/
Evangeline Lilly,https://www.usmagazine.com/celebrities/evangeline-lilly/
Fabrizio Moretti,https://www.usmagazine.com/celebrities/fabrizio-moretti/
Faith Hill,https://www.usmagazine.com/celebrities/faith-hill/
Fantasia Barrino,https://www.usmagazine.com/celebrities/fantasia-barrino/
Farrah Abraham,https://www.usmagazine.com/celebrities/farrah-abraham/
Felicity Huffman,https://www.usmagazine.com/celebrities/felicity-huffman/
Forest Whitaker,https://www.usmagazine.com/celebrities/forest-whitaker/
Frank Ocean,https://www.usmagazine.com/celebrities/frank-ocean/
Frankie Delgado,https://www.usmagazine.com/celebrities/frankie-delgado/
Frankie Muniz,https://www.usmagazine.com/celebrities/frankie-muniz/
Freida Pinto,https://www.usmagazine.com/celebrities/freida-pinto/
Gabourey Sidibe,https://www.usmagazine.com/celebrities/gabourey-sidibe/
Gabriel Aubry,https://www.usmagazine.com/celebrities/gabriel-aubry/
Gabrielle Union,https://www.usmagazine.com/celebrities/gabrielle-union/
Gail Simmons,https://www.usmagazine.com/celebrities/gail-simmons/
Gary Oldman,https://www.usmagazine.com/celebrities/gary-oldman/
Gary Shirley,https://www.usmagazine.com/celebrities/gary-shirley/
Gavin Degraw,https://www.usmagazine.com/celebrities/gavin-degraw/
Gavin Rossdale,https://www.usmagazine.com/celebrities/gavin-rossdale/
George Stephanopoulos,https://www.usmagazine.com/celebrities/george-stephanopoulos/
Gerard Butler,https://www.usmagazine.com/celebrities/gerard-butler/
Gilles Marini,https://www.usmagazine.com/celebrities/gilles-marini/
Giuliana Rancic,https://www.usmagazine.com/celebrities/giuliana-rancic/
Goldie Hawn,https://www.usmagazine.com/celebrities/goldie-hawn/
Gwen Stefani,https://www.usmagazine.com/celebrities/gwen-stefani/
Gwyneth Paltrow,https://www.usmagazine.com/celebrities/gwyneth-paltrow/
Hailee Steinfeld,https://www.usmagazine.com/celebrities/hailee-steinfeld/
Hailey Glassman,https://www.usmagazine.com/celebrities/hailey-glassman/
Halle Berry,https://www.usmagazine.com/celebrities/halle-berry/
Hank Baskett,https://www.usmagazine.com/celebrities/hank-baskett/
Harrison Ford,https://www.usmagazine.com/celebrities/harrison-ford/
Harry Styles,https://www.usmagazine.com/celebrities/harry-styles/
Hayden Christensen,https://www.usmagazine.com/celebrities/hayden-christensen/
Hayden Panettiere,https://www.usmagazine.com/celebrities/hayden-panettiere/
Haylie Duff,https://www.usmagazine.com/celebrities/haylie-duff/
Heath Ledger,https://www.usmagazine.com/celebrities/heath-ledger/
Heather Graham,https://www.usmagazine.com/celebrities/heather-graham/
Heather Locklear,https://www.usmagazine.com/celebrities/heather-locklear/
Heather McDonald,https://www.usmagazine.com/celebrities/heather-mcdonald/
Heather Morris,https://www.usmagazine.com/celebrities/heather-morris/
Heidi Montag,https://www.usmagazine.com/celebrities/heidi-montag/
Henry Cavill,https://www.usmagazine.com/celebrities/henry-cavill/
Hilary Duff,https://www.usmagazine.com/celebrities/hilary-duff/
Hilary Swank,https://www.usmagazine.com/celebrities/hilary-swank/
Holly Madison,https://www.usmagazine.com/celebrities/holly-madison/
Holly Montag,https://www.usmagazine.com/celebrities/holly-montag/
Hugh Dancy,https://www.usmagazine.com/celebrities/hugh-dancy/
Hugh Grant,https://www.usmagazine.com/celebrities/hugh-grant/
Hugh Jackman,https://www.usmagazine.com/celebrities/hugh-jackman/
Hugh Laurie,https://www.usmagazine.com/celebrities/hugh-laurie/
Hunter Parrish,https://www.usmagazine.com/celebrities/hunter-parrish/
Ian Somerhalder,https://www.usmagazine.com/celebrities/ian-somerhalder/
Idina Menzel,https://www.usmagazine.com/celebrities/idina-menzel/
Iggy Azalea,https://www.usmagazine.com/celebrities/iggy-azalea/
Isabella Rossellini,https://www.usmagazine.com/celebrities/isabella-rossellini/
Isla Fisher,https://www.usmagazine.com/celebrities/isla-fisher/
Ivanka Trump,https://www.usmagazine.com/celebrities/ivanka-trump/
Jack Nicholson,https://www.usmagazine.com/celebrities/jack-nicholson/
Jackson Rathbone,https://www.usmagazine.com/celebrities/jackson-rathbone/
Jacqueline Laurita,https://www.usmagazine.com/celebrities/jacqueline-laurita/
Jada Pinkett Smith,https://www.usmagazine.com/celebrities/jada-pinkett-smith/
Jaden Smith,https://www.usmagazine.com/celebrities/jaden-smith/
Jaime King,https://www.usmagazine.com/celebrities/jaime-king/
Jaime Pressly,https://www.usmagazine.com/celebrities/jaime-pressly/
Jake Gyllenhaal,https://www.usmagazine.com/celebrities/jake-gyllenhaal/
Jake Pavelka,https://www.usmagazine.com/celebrities/jake-pavelka/
James Blunt,https://www.usmagazine.com/celebrities/james-blunt/
James Denton,https://www.usmagazine.com/celebrities/james-denton/
James Franco,https://www.usmagazine.com/celebrities/james-franco/
James Woods,https://www.usmagazine.com/celebrities/james-woods/
Jamie Campbell Bower,https://www.usmagazine.com/celebrities/jamie-campbell-bower/
Jamie Foxx,https://www.usmagazine.com/celebrities/jamie-foxx/
Jamie Kennedy,https://www.usmagazine.com/celebrities/jamie-kennedy/
Jamie Lynn Spears,https://www.usmagazine.com/celebrities/jamie-lynn-spears/
Jamie-Lynn Sigler,https://www.usmagazine.com/celebrities/jamie-lynn-sigler/
Jane Krakowski,https://www.usmagazine.com/celebrities/jane-krakowski/
Jane Lynch,https://www.usmagazine.com/celebrities/jane-lynch/
Janelle Monae,https://www.usmagazine.com/celebrities/janelle-monae/
Janet Jackson,https://www.usmagazine.com/celebrities/janet-jackson/
Janice Dickinson,https://www.usmagazine.com/celebrities/janice-dickinson/
January Jones,https://www.usmagazine.com/celebrities/january-jones/
Jared Leto,https://www.usmagazine.com/celebrities/jared-leto/
Jason Aldean,https://www.usmagazine.com/celebrities/jason-aldean/
Jason Bateman,https://www.usmagazine.com/celebrities/jason-bateman/
Jason Derulo,https://www.usmagazine.com/celebrities/jason-derulo/
Jason Lee,https://www.usmagazine.com/celebrities/jason-lee/
Jason Lewis,https://www.usmagazine.com/celebrities/jason-lewis/
Jason Mesnick,https://www.usmagazine.com/celebrities/jason-mesnick/
Jason Mraz,https://www.usmagazine.com/celebrities/jason-mraz/
Jason Ritter,https://www.usmagazine.com/celebrities/jason-ritter/
Jason Segel,https://www.usmagazine.com/celebrities/jason-segel/
Jason Sudeikis,https://www.usmagazine.com/celebrities/jason-sudeikis/
Javier Bardem,https://www.usmagazine.com/celebrities/javier-bardem/
Jay Cutler,https://www.usmagazine.com/celebrities/jay-cutler/
Jay Leno,https://www.usmagazine.com/celebrities/jay-leno/
Jay Lyon,https://www.usmagazine.com/celebrities/jay-lyon/
Jay-Z,https://www.usmagazine.com/celebrities/jay-z/
JC Chasez,https://www.usmagazine.com/celebrities/jc-chasez/
Jenna Coleman,https://www.usmagazine.com/celebrities/jenna-coleman/
Jenna Dewan,https://www.usmagazine.com/celebrities/jenna-dewan/
Jenna Elfman,https://www.usmagazine.com/celebrities/jenna-elfman/
Jenna Fischer,https://www.usmagazine.com/celebrities/jenna-fischer/
Jenna Ushkowitz,https://www.usmagazine.com/celebrities/jenna-ushkowitz/
Jennie Garth,https://www.usmagazine.com/celebrities/jennie-garth/
Jennifer Aniston,https://www.usmagazine.com/celebrities/jennifer-aniston/
Jennifer Garner,https://www.usmagazine.com/celebrities/jennifer-garner/
Jennifer Lawrence,https://www.usmagazine.com/celebrities/jennifer-lawrence/
Jenny McCarthy,https://www.usmagazine.com/celebrities/jenny-mccarthy/
Jensen Ackles,https://www.usmagazine.com/celebrities/jensen-ackles/
Jerry Ferrara,https://www.usmagazine.com/celebrities/jerry-ferrara/
Jesse James,https://www.usmagazine.com/celebrities/jesse-james/
Jesse Williams,https://www.usmagazine.com/celebrities/jesse-williams/
Jessica Alba,https://www.usmagazine.com/celebrities/jessica-alba/
Jessica Biel,https://www.usmagazine.com/celebrities/jessica-biel/
Jessica Chastain,https://www.usmagazine.com/celebrities/jessica-chastain/
Jessica Lowndes,https://www.usmagazine.com/celebrities/jessica-lowndes/
Jessica Simpson,https://www.usmagazine.com/celebrities/jessica-simpson/
Jessica Stroup,https://www.usmagazine.com/celebrities/jessica-stroup/
Jessica Szohr,https://www.usmagazine.com/celebrities/jessica-szohr/
Jill Zarin,https://www.usmagazine.com/celebrities/jill-zarin/
Jillian Harris,https://www.usmagazine.com/celebrities/jillian-harris/
Jillian Michaels,https://www.usmagazine.com/celebrities/jillian-michaels/
Jim Carrey,https://www.usmagazine.com/celebrities/jim-carrey/
Jimmy Fallon,https://www.usmagazine.com/celebrities/jimmy-fallon/
JoAnna Garcia,https://www.usmagazine.com/celebrities/joanna-garcia/
Joe Francis,https://www.usmagazine.com/celebrities/joe-francis/
Joe Jonas,https://www.usmagazine.com/celebrities/joe-jonas/
Joe Manganiello,https://www.usmagazine.com/celebrities/joe-manganiello/
Joel Madden,https://www.usmagazine.com/celebrities/joel-madden/
Joel McHale,https://www.usmagazine.com/celebrities/joel-mchale/
John Cusack,https://www.usmagazine.com/celebrities/john-cusack/
John Krasinski,https://www.usmagazine.com/celebrities/john-krasinski/
John Mayer,https://www.usmagazine.com/celebrities/john-mayer/
John Stamos,https://www.usmagazine.com/celebrities/john-stamos/
John Travolta,https://www.usmagazine.com/celebrities/john-travolta/
Jon Hamm,https://www.usmagazine.com/celebrities/jon-hamm/
Jonah Hill,https://www.usmagazine.com/celebrities/jonah-hill/
Jonas Brothers,https://www.usmagazine.com/celebrities/jonas-brothers/
Jonathan Adler,https://www.usmagazine.com/celebrities/jonathan-adler/
Jonathan Rhys Meyers,https://www.usmagazine.com/celebrities/jonathan-rhys-meyers/
Jordana Brewster,https://www.usmagazine.com/celebrities/jordana-brewster/
Jordin Sparks,https://www.usmagazine.com/celebrities/jordin-sparks/
Josh Bowman,https://www.usmagazine.com/celebrities/josh-bowman/
Josh Duhamel,https://www.usmagazine.com/celebrities/josh-duhamel/
Josh Hartnett,https://www.usmagazine.com/celebrities/josh-hartnett/
Josh Holloway,https://www.usmagazine.com/celebrities/josh-holloway/
Josh Lucas,https://www.usmagazine.com/celebrities/josh-lucas/
Joshua Jackson,https://www.usmagazine.com/celebrities/joshua-jackson/
Jude Law,https://www.usmagazine.com/celebrities/jude-law/
Julia Roberts,https://www.usmagazine.com/celebrities/julia-roberts/
Julian McMahon,https://www.usmagazine.com/celebrities/julian-mcmahon/
Julianne Hough,https://www.usmagazine.com/celebrities/julianne-hough/
Julianne Moore,https://www.usmagazine.com/celebrities/julianne-moore/
Justin Timberlake,https://www.usmagazine.com/celebrities/justin-timberlake/
Kaley Cuoco,https://www.usmagazine.com/celebrities/kaley-cuoco/
Kanye West,https://www.usmagazine.com/celebrities/kanye-west/
Kara DioGuardi,https://www.usmagazine.com/celebrities/kara-dioguardi/
Karina Smirnoff,https://www.usmagazine.com/celebrities/karina-smirnoff/
Kat DeLuna,https://www.usmagazine.com/celebrities/kat-deluna/
Kat Graham,https://www.usmagazine.com/celebrities/kat-graham/
Kate Beckinsale,https://www.usmagazine.com/celebrities/kate-beckinsale/
Kate Bosworth,https://www.usmagazine.com/celebrities/kate-bosworth/
Kate Gosselin,https://www.usmagazine.com/celebrities/kate-gosselin/
Kate Hudson,https://www.usmagazine.com/celebrities/kate-hudson/
Kate Middleton,https://www.usmagazine.com/celebrities/kate-middleton/
Kate Moss,https://www.usmagazine.com/celebrities/kate-moss/
Kate Upton,https://www.usmagazine.com/celebrities/kate-upton/
Kate Walsh,https://www.usmagazine.com/celebrities/kate-walsh/
Kate Winslet,https://www.usmagazine.com/celebrities/kate-winslet/
Katharine McPhee,https://www.usmagazine.com/celebrities/katharine-mcphee/
Katherine Heigl,https://www.usmagazine.com/celebrities/katherine-heigl/
Kathy Griffin,https://www.usmagazine.com/celebrities/kathy-griffin/
Kathy Ireland,https://www.usmagazine.com/celebrities/kathy-ireland/
Katie Cassidy,https://www.usmagazine.com/celebrities/katie-cassidy/
Katie Couric,https://www.usmagazine.com/celebrities/katie-couric/
Katie Holmes,https://www.usmagazine.com/celebrities/katie-holmes/
Katrina Bowden,https://www.usmagazine.com/celebrities/katrina-bowden/
Katy Perry,https://www.usmagazine.com/celebrities/katy-perry/
Keanu Reeves,https://www.usmagazine.com/celebrities/keanu-reeves/
Keira Knightley,https://www.usmagazine.com/celebrities/keira-knightley/
Keith Urban,https://www.usmagazine.com/celebrities/keith-urban/
Kellan Lutz,https://www.usmagazine.com/celebrities/kellan-lutz/
Kelly Clarkson,https://www.usmagazine.com/celebrities/kelly-clarkson/
Kelly Ripa,https://www.usmagazine.com/celebrities/kelly-ripa/
Kelly Rowland,https://www.usmagazine.com/celebrities/kelly-rowland/
Kelly Slater,https://www.usmagazine.com/celebrities/kelly-slater/
Kelsey Grammer,https://www.usmagazine.com/celebrities/kelsey-grammer/
Kendall Jenner,https://www.usmagazine.com/celebrities/kendall-jenner/
Kendra Wilkinson,https://www.usmagazine.com/celebrities/kendra-wilkinson/
Kerry Diamond,https://www.usmagazine.com/celebrities/kerry-diamond/
Kerry Washington,https://www.usmagazine.com/celebrities/kerry-washington/
Kesha,https://www.usmagazine.com/celebrities/kesha/
Kevin Jonas,https://www.usmagazine.com/celebrities/kevin-jonas/
Keyshia Cole,https://www.usmagazine.com/celebrities/keyshia-cole/
Khloé Kardashian,https://www.usmagazine.com/celebrities/khloe-kardashian/
Kiefer Sutherland,https://www.usmagazine.com/celebrities/kiefer-sutherland/
Kim Cattrall,https://www.usmagazine.com/celebrities/kim-cattrall/
Kim Kardashian,https://www.usmagazine.com/celebrities/kim-kardashian/
Kim Zolciak,https://www.usmagazine.com/celebrities/kim-zolciak/
Kimberly Stewart,https://www.usmagazine.com/celebrities/kimberly-stewart/
Kimora Lee Simmons,https://www.usmagazine.com/celebrities/kimora-lee-simmons/
Kirstie Alley,https://www.usmagazine.com/celebrities/kirstie-alley/
Kourtney Kardashian,https://www.usmagazine.com/celebrities/kourtney-kardashian/
Kris Allen,https://www.usmagazine.com/celebrities/kris-allen/
Kris Polaha,https://www.usmagazine.com/celebrities/kris-polaha/
Krista Allen,https://www.usmagazine.com/celebrities/krista-allen/
Kristen Stewart,https://www.usmagazine.com/celebrities/kristen-stewart/
Kristin Cavallari,https://www.usmagazine.com/celebrities/kristin-cavallari/
Kristin Davis,https://www.usmagazine.com/celebrities/kristin-davis/
Kyle Howard,https://www.usmagazine.com/celebrities/kyle-howard/
Kyle Richards,https://www.usmagazine.com/celebrities/kyle-richards/
Kyra Sedgwick,https://www.usmagazine.com/celebrities/kyra-sedgwick/
L.A. Reid,https://www.usmagazine.com/celebrities/l-a-reid/
Lady Gaga,https://www.usmagazine.com/celebrities/lady-gaga/
Lamar Odom,https://www.usmagazine.com/celebrities/lamar-odom/
Lana Del Rey,https://www.usmagazine.com/celebrities/lana-del-rey/
Lance Armstrong,https://www.usmagazine.com/celebrities/lance-armstrong/
Lance Bass,https://www.usmagazine.com/celebrities/lance-bass/
Lara Flynn Boyle,https://www.usmagazine.com/celebrities/lara-flynn-boyle/
Larry King,https://www.usmagazine.com/celebrities/larry-king/
Laura Dern,https://www.usmagazine.com/celebrities/laura-dern/
Lauren Conrad,https://www.usmagazine.com/celebrities/lauren-conrad/
Lauren Graham,https://www.usmagazine.com/celebrities/lauren-graham/
Lauren Holly,https://www.usmagazine.com/celebrities/lauren-holly/
Laurie Hernandez,https://www.usmagazine.com/celebrities/laurie-hernandez/
Lea Michele,https://www.usmagazine.com/celebrities/lea-michele/
LeAnn Rimes,https://www.usmagazine.com/celebrities/leann-rimes/
Lena Dunham,https://www.usmagazine.com/celebrities/lena-dunham/
Lenny Kravitz,https://www.usmagazine.com/celebrities/lenny-kravitz/
Leona Lewis,https://www.usmagazine.com/celebrities/leona-lewis/
Leonardo DiCaprio,https://www.usmagazine.com/celebrities/leonardo-dicaprio/
Liam Hemsworth,https://www.usmagazine.com/celebrities/liam-hemsworth/
Liam Neeson,https://www.usmagazine.com/celebrities/liam-neeson/
Liam Payne,https://www.usmagazine.com/celebrities/liam-payne/
Lily Aldridge,https://www.usmagazine.com/celebrities/lily-aldridge/
Lily Allen,https://www.usmagazine.com/celebrities/lily-allen/
Lindsay Lohan,https://www.usmagazine.com/celebrities/lindsay-lohan/
Lisa Bonet,https://www.usmagazine.com/celebrities/lisa-bonet/
Lisa Capparelli,https://www.usmagazine.com/celebrities/lisa-capparelli/
Lisa Edelstein,https://www.usmagazine.com/celebrities/lisa-edelstein/
Lisa Kudrow,https://www.usmagazine.com/celebrities/lisa-kudrow/
Lisa Marie Presley,https://www.usmagazine.com/celebrities/lisa-marie-presley/
Lisa Snowdon,https://www.usmagazine.com/celebrities/lisa-snowdon/
LuAnn De Lesseps,https://www.usmagazine.com/celebrities/luann-de-lesseps/
Lucy Hale,https://www.usmagazine.com/celebrities/lucy-hale/
Ludacris,https://www.usmagazine.com/celebrities/ludacris/
Lupita Nyong'o,https://www.usmagazine.com/celebrities/lupita-nyong-o/
Maci Bookout,https://www.usmagazine.com/celebrities/maci-bookout/
Maddox Jolie-Pitt,https://www.usmagazine.com/celebrities/maddox-jolie-pitt/
Madonna,https://www.usmagazine.com/celebrities/madonna/
Maggie Gyllenhaal,https://www.usmagazine.com/celebrities/maggie-gyllenhaal/
Maksim Chmerkovskiy,https://www.usmagazine.com/celebrities/maksim-chmerkovskiy/
Malin Akerman,https://www.usmagazine.com/celebrities/malin-akerman/
Mandy Moore,https://www.usmagazine.com/celebrities/mandy-moore/
Marc Anthony,https://www.usmagazine.com/celebrities/marc-anthony/
Marcia Cross,https://www.usmagazine.com/celebrities/marcia-cross/
Marcus Schenkenberg,https://www.usmagazine.com/celebrities/marcus-schenkenberg/
Maria Menounos,https://www.usmagazine.com/celebrities/maria-menounos/
Maria Sharapova,https://www.usmagazine.com/celebrities/maria-sharapova/
Maria Shriver,https://www.usmagazine.com/celebrities/maria-shriver/
Mariah Carey,https://www.usmagazine.com/celebrities/mariah-carey/
Mario Lopez,https://www.usmagazine.com/celebrities/mario-lopez/
Mariska Hargitay,https://www.usmagazine.com/celebrities/mariska-hargitay/
Mark Birnbaum and Eugene Remm,https://www.usmagazine.com/celebrities/mark-birnbaum-and-eugene-remm/
Mark Salling,https://www.usmagazine.com/celebrities/mark-salling/
Mark Wahlberg,https://www.usmagazine.com/celebrities/mark-wahlberg/
Marni Senofonte,https://www.usmagazine.com/celebrities/marni-senofonte/
Martha Stewart,https://www.usmagazine.com/celebrities/martha-stewart/
Martin Lawrence,https://www.usmagazine.com/celebrities/martin-lawrence/
Mary J. Blige,https://www.usmagazine.com/celebrities/mary-j-blige/
Mary-Kate Olsen,https://www.usmagazine.com/celebrities/mary-kate-olsen/
Mary-Louise Parker,https://www.usmagazine.com/celebrities/mary-louise-parker/
Matt Bomer,https://www.usmagazine.com/celebrities/matt-bomer/
Matt Damon,https://www.usmagazine.com/celebrities/matt-damon/
Matt Dillon,https://www.usmagazine.com/celebrities/matt-dillon/
Matt Lanter,https://www.usmagazine.com/celebrities/matt-lanter/
Matt Leinart,https://www.usmagazine.com/celebrities/matt-leinart/
Matthew Bellamy,https://www.usmagazine.com/celebrities/matthew-bellamy/
Matthew Broderick,https://www.usmagazine.com/celebrities/matthew-broderick/
Matthew Fox,https://www.usmagazine.com/celebrities/matthew-fox/
Matthew McConaughey,https://www.usmagazine.com/celebrities/matthew-mcconaughey/
Matthew Morrison,https://www.usmagazine.com/celebrities/matthew-morrison/
Matthew Perry,https://www.usmagazine.com/celebrities/matthew-perry/
Max Greenfield,https://www.usmagazine.com/celebrities/max-greenfield/
Meg Ryan,https://www.usmagazine.com/celebrities/meg-ryan/
Megan Fox,https://www.usmagazine.com/celebrities/megan-fox/
Melissa Gorga,https://www.usmagazine.com/celebrities/melissa-gorga/
Melissa McCarthy,https://www.usmagazine.com/celebrities/melissa-mccarthy/
Melissa Rycroft,https://www.usmagazine.com/celebrities/melissa-rycroft/
Mena Suvari,https://www.usmagazine.com/celebrities/mena-suvari/
Mia Farrow,https://www.usmagazine.com/celebrities/mia-farrow/
Michael Bolton,https://www.usmagazine.com/celebrities/michael-bolton/
Michael C. Hall,https://www.usmagazine.com/celebrities/michael-c-hall/
Michael Jackson,https://www.usmagazine.com/celebrities/michael-jackson/
Michael Urie,https://www.usmagazine.com/celebrities/michael-urie/
Michelle Obama,https://www.usmagazine.com/celebrities/michelle-obama/
Michelle Trachtenberg,https://www.usmagazine.com/celebrities/michelle-trachtenberg/
Michelle Williams,https://www.usmagazine.com/celebrities/michelle-williams/
Mila Kunis,https://www.usmagazine.com/celebrities/mila-kunis/
Milo Ventimiglia,https://www.usmagazine.com/celebrities/milo-ventimiglia/
Mindy Kaling,https://www.usmagazine.com/celebrities/mindy-kaling/
Minka Kelly,https://www.usmagazine.com/celebrities/minka-kelly/
Mira Sorvino,https://www.usmagazine.com/celebrities/mira-sorvino/
Miranda Kerr,https://www.usmagazine.com/celebrities/miranda-kerr/
Miranda Lambert,https://www.usmagazine.com/celebrities/miranda-lambert/
Mischa Barton,https://www.usmagazine.com/celebrities/mischa-barton/
Molly Shannon,https://www.usmagazine.com/celebrities/molly-shannon/
Monica,https://www.usmagazine.com/celebrities/monica/
Nacho Figueras,https://www.usmagazine.com/celebrities/nacho-figueras/
Nadya Suleman,https://www.usmagazine.com/celebrities/nadya-suleman/
Naomi Campbell,https://www.usmagazine.com/celebrities/naomi-campbell/
Naomi Watts,https://www.usmagazine.com/celebrities/naomi-watts/
Natalie Portman,https://www.usmagazine.com/celebrities/natalie-portman/
Natasha Bedingfield,https://www.usmagazine.com/celebrities/natasha-bedingfield/
Natasha Richardson,https://www.usmagazine.com/celebrities/natasha-richardson/
Naya Rivera,https://www.usmagazine.com/celebrities/naya-rivera/
Neil Patrick Harris,https://www.usmagazine.com/celebrities/neil-patrick-harris/
Nelly Furtado,https://www.usmagazine.com/celebrities/nelly-furtado/
NeNe Leakes,https://www.usmagazine.com/celebrities/nene-leakes/
Neve Campbell,https://www.usmagazine.com/celebrities/neve-campbell/
Niall Horan,https://www.usmagazine.com/celebrities/niall-horan/
Nicholas Hoult,https://www.usmagazine.com/celebrities/nicholas-hoult/
Nick Cannon,https://www.usmagazine.com/celebrities/nick-cannon/
Nick Carter,https://www.usmagazine.com/celebrities/nick-carter/
Nick Jonas,https://www.usmagazine.com/celebrities/nick-jonas/
Nick Lachey,https://www.usmagazine.com/celebrities/nick-lachey/
Nicki Minaj,https://www.usmagazine.com/celebrities/nicki-minaj/
Nicolas Cage,https://www.usmagazine.com/celebrities/nicolas-cage/
Nicole Kidman,https://www.usmagazine.com/celebrities/nicole-kidman/
Nicollette Sheridan,https://www.usmagazine.com/celebrities/nicollette-sheridan/
Nina Dobrev,https://www.usmagazine.com/celebrities/nina-dobrev/
Odette Yustman,https://www.usmagazine.com/celebrities/odette-yustman/
Olivia Munn,https://www.usmagazine.com/celebrities/olivia-munn/
Olivia Palermo,https://www.usmagazine.com/celebrities/olivia-palermo/
Olivia Wilde,https://www.usmagazine.com/celebrities/olivia-wilde/
Oprah Winfrey,https://www.usmagazine.com/celebrities/oprah-winfrey/
Orlando Bloom,https://www.usmagazine.com/celebrities/orlando-bloom/
Padma Lakshmi,https://www.usmagazine.com/celebrities/padma-lakshmi/
Pam Anderson,https://www.usmagazine.com/celebrities/pam-anderson/
Paris Hilton,https://www.usmagazine.com/celebrities/paris-hilton/
Parker Posey,https://www.usmagazine.com/celebrities/parker-posey/
Patricia Arquette,https://www.usmagazine.com/celebrities/patricia-arquette/
Patrick Dempsey,https://www.usmagazine.com/celebrities/patrick-dempsey/
Patrick Schwarzenegger,https://www.usmagazine.com/celebrities/patrick-schwarzenegger/
Patrick Swayze,https://www.usmagazine.com/celebrities/patrick-swayze/
Paul Rudd,https://www.usmagazine.com/celebrities/paul-rudd/
Paul Sculfor,https://www.usmagazine.com/celebrities/paul-sculfor/
Paul Wesley,https://www.usmagazine.com/celebrities/paul-wesley/
Paula Abdul,https://www.usmagazine.com/celebrities/paula-abdul/
Penn Badgley,https://www.usmagazine.com/celebrities/penn-badgley/
Peter Facinelli,https://www.usmagazine.com/celebrities/peter-facinelli/
Petra Nemcova,https://www.usmagazine.com/celebrities/petra-nemcova/
Pharrell Williams,https://www.usmagazine.com/celebrities/pharrell-williams/
Pippa Middleton,https://www.usmagazine.com/celebrities/pippa-middleton/
Portia De Rossi,https://www.usmagazine.com/celebrities/portia-de-rossi/
Prince Charles,https://www.usmagazine.com/celebrities/prince-charles/
Prince Harry,https://www.usmagazine.com/celebrities/prince-harry/
Prince William,https://www.usmagazine.com/celebrities/prince-william/
Princess Diana,https://www.usmagazine.com/celebrities/princess-diana/
Priyanka Chopra,https://www.usmagazine.com/celebrities/priyanka-chopra/
Queen Latifah,https://www.usmagazine.com/celebrities/queen-latifah/
Quentin Tarantino,https://www.usmagazine.com/celebrities/quentin-tarantino/
Rachel Bilson,https://www.usmagazine.com/celebrities/rachel-bilson/
Rachel McAdams,https://www.usmagazine.com/celebrities/rachel-mcadams/
Rachel Weisz,https://www.usmagazine.com/celebrities/rachel-weisz/
Rachel Zoe,https://www.usmagazine.com/celebrities/rachel-zoe/
Ramona Singer,https://www.usmagazine.com/celebrities/ramona-singer/
Randy Jackson,https://www.usmagazine.com/celebrities/randy-jackson/
Rashida Jones,https://www.usmagazine.com/celebrities/rashida-jones/
Ray J,https://www.usmagazine.com/celebrities/ray-j/
Rebecca Gayheart,https://www.usmagazine.com/celebrities/rebecca-gayheart/
Rebecca Romijn,https://www.usmagazine.com/celebrities/rebecca-romijn/
Richard Gere,https://www.usmagazine.com/celebrities/richard-gere/
Richie Sambora,https://www.usmagazine.com/celebrities/richie-sambora/
Rick Salomon,https://www.usmagazine.com/celebrities/rick-salomon/
Ricki Lake,https://www.usmagazine.com/celebrities/ricki-lake/
Ricky Martin,https://www.usmagazine.com/celebrities/ricky-martin/
Rihanna,https://www.usmagazine.com/celebrities/rihanna/
Rita Ora,https://www.usmagazine.com/celebrities/rita-ora/
Rob Kardashian,https://www.usmagazine.com/celebrities/rob-kardashian/
Robert Pattinson,https://www.usmagazine.com/celebrities/robert-pattinson/
Roberto Martinez,https://www.usmagazine.com/celebrities/roberto-martinez/
Ronnie Ortiz-Magro,https://www.usmagazine.com/celebrities/ronnie-ortiz-magro/
Rooney Mara,https://www.usmagazine.com/celebrities/rooney-mara/
Rosario Dawson,https://www.usmagazine.com/celebrities/rosario-dawson/
Rose McGowan,https://www.usmagazine.com/celebrities/rose-mcgowan/
Russell Brand,https://www.usmagazine.com/celebrities/russell-brand/
Ruth Negga,https://www.usmagazine.com/celebrities/ruth-negga/
Ryan Adams,https://www.usmagazine.com/celebrities/ryan-adams/
Ryan Cabrera,https://www.usmagazine.com/celebrities/ryan-cabrera/
Ryan Dunn,https://www.usmagazine.com/celebrities/ryan-dunn/
Ryan Gosling,https://www.usmagazine.com/celebrities/ryan-gosling/
Ryan Kwanten,https://www.usmagazine.com/celebrities/ryan-kwanten/
Ryan Phillippe,https://www.usmagazine.com/celebrities/ryan-phillippe/
Ryan Reynolds,https://www.usmagazine.com/celebrities/ryan-reynolds/
Ryan Seacrest,https://www.usmagazine.com/celebrities/ryan-seacrest/
Sacha Baron Cohen,https://www.usmagazine.com/celebrities/sacha-baron-cohen/
Sadie Frost,https://www.usmagazine.com/celebrities/sadie-frost/
Salma Hayek,https://www.usmagazine.com/celebrities/salma-hayek/
Samantha Ronson,https://www.usmagazine.com/celebrities/samantha-ronson/
Sammi Giancola,https://www.usmagazine.com/celebrities/sammi-giancola/
Sandra Bullock,https://www.usmagazine.com/celebrities/sandra-bullock/
Sandra Oh,https://www.usmagazine.com/celebrities/sandra-oh/
Sarah Hyland,https://www.usmagazine.com/celebrities/sarah-hyland/
Sarah Jessica Parker,https://www.usmagazine.com/celebrities/sarah-jessica-parker/
Sarah Michelle Gellar,https://www.usmagazine.com/celebrities/sarah-michelle-gellar/
Sarah Palin,https://www.usmagazine.com/celebrities/sarah-palin/
Scarlett Johansson,https://www.usmagazine.com/celebrities/scarlett-johansson/
Scott Baio,https://www.usmagazine.com/celebrities/scott-baio/
Scott Speedman,https://www.usmagazine.com/celebrities/scott-speedman/
Seal,https://www.usmagazine.com/celebrities/seal/
Sean Lennon,https://www.usmagazine.com/celebrities/sean-lennon/
Sean Penn,https://www.usmagazine.com/celebrities/sean-penn/
Seann William Scott,https://www.usmagazine.com/celebrities/seann-william-scott/
Selena Gomez,https://www.usmagazine.com/celebrities/selena-gomez/
Shailene Woodley,https://www.usmagazine.com/celebrities/shailene-woodley/
Shakira,https://www.usmagazine.com/celebrities/shakira/
Shania Twain,https://www.usmagazine.com/celebrities/shania-twain/
Shannen Doherty,https://www.usmagazine.com/celebrities/shannen-doherty/
Shar Jackson,https://www.usmagazine.com/celebrities/shar-jackson/
Sharon Osbourne,https://www.usmagazine.com/celebrities/sharon-osbourne/
Shay Mitchell,https://www.usmagazine.com/celebrities/shay-mitchell/
Shenae Grimes,https://www.usmagazine.com/celebrities/shenae-grimes/
Shia LaBeouf,https://www.usmagazine.com/celebrities/shia-labeouf/
Shoshanna Lonstein,https://www.usmagazine.com/celebrities/shoshanna-lonstein/
Sienna Miller,https://www.usmagazine.com/celebrities/sienna-miller/
Simon Doonan,https://www.usmagazine.com/celebrities/simon-doonan/
Sofia Vergara,https://www.usmagazine.com/celebrities/sofia-vergara/
Solange Knowles,https://www.usmagazine.com/celebrities/solange-knowles/
Sonja Morgan,https://www.usmagazine.com/celebrities/sonja-morgan/
Sophia Bush,https://www.usmagazine.com/celebrities/sophia-bush/
Spencer Pratt,https://www.usmagazine.com/celebrities/spencer-pratt/
Stacy Keibler,https://www.usmagazine.com/celebrities/stacy-keibler/
Star Jones,https://www.usmagazine.com/celebrities/star-jones/
Stavros Niarchos III,https://www.usmagazine.com/celebrities/stavros-niarchos-iii/
Stephanie Pratt,https://www.usmagazine.com/celebrities/stephanie-pratt/
Stephen Amell,https://www.usmagazine.com/celebrities/stephen-amell/
Steve Carell,https://www.usmagazine.com/celebrities/steve-carell/
Stuart Townsend,https://www.usmagazine.com/celebrities/stuart-townsend/
Susan Boyle,https://www.usmagazine.com/celebrities/susan-boyle/
Swizz Beatz,https://www.usmagazine.com/celebrities/swizz-beatz/
Talan Torriero,https://www.usmagazine.com/celebrities/talan-torriero/
Tamron Hall,https://www.usmagazine.com/celebrities/tamron-hall/
Tara Reid,https://www.usmagazine.com/celebrities/tara-reid/
Taraji P. Henson,https://www.usmagazine.com/celebrities/taraji-p-henson/
Tate Donovan,https://www.usmagazine.com/celebrities/tate-donovan/
Taye Diggs,https://www.usmagazine.com/celebrities/taye-diggs/
Taylor Armstrong,https://www.usmagazine.com/celebrities/taylor-armstrong/
Taylor Lautner,https://www.usmagazine.com/celebrities/taylor-lautner/
Taylor Momsen,https://www.usmagazine.com/celebrities/taylor-momsen/
Taylor Swift,https://www.usmagazine.com/celebrities/taylor-swift/
Teresa Giudice,https://www.usmagazine.com/celebrities/teresa-giudice/
Teri Hatcher,https://www.usmagazine.com/celebrities/teri-hatcher/
Terrence Howard,https://www.usmagazine.com/celebrities/terrence-howard/
The Situation,https://www.usmagazine.com/celebrities/the-situation/
Tiffani Thiessen,https://www.usmagazine.com/celebrities/tiffani-thiessen/
Tila Tequila,https://www.usmagazine.com/celebrities/tila-tequila/
Tim McGraw,https://www.usmagazine.com/celebrities/tim-mcgraw/
Tina Fey,https://www.usmagazine.com/celebrities/tina-fey/
Tobey Maguire,https://www.usmagazine.com/celebrities/tobey-maguire/
Tom Brady,https://www.usmagazine.com/celebrities/tom-brady/
Tom Hanks,https://www.usmagazine.com/celebrities/tom-hanks/
Tony Parker,https://www.usmagazine.com/celebrities/tony-parker/
Tracy Morgan,https://www.usmagazine.com/celebrities/tracy-morgan/
Travis Barker,https://www.usmagazine.com/celebrities/travis-barker/
Trevor Donovan,https://www.usmagazine.com/celebrities/trevor-donovan/
Troian Bellisario,https://www.usmagazine.com/celebrities/troian-bellisario/
Tyra Banks,https://www.usmagazine.com/celebrities/tyra-banks/
Uma Thurman,https://www.usmagazine.com/celebrities/uma-thurman/
Vampire Weekend,https://www.usmagazine.com/celebrities/vampire-weekend/
Vanessa Hudgens,https://www.usmagazine.com/celebrities/vanessa-hudgens/
Vanessa Minnillo,https://www.usmagazine.com/celebrities/vanessa-minnillo/
Vanessa Williams,https://www.usmagazine.com/celebrities/vanessa-williams/
Vera Wang,https://www.usmagazine.com/celebrities/vera-wang/
Victoria Beckham,https://www.usmagazine.com/celebrities/victoria-beckham/
Victoria Justice,https://www.usmagazine.com/celebrities/victoria-justice/
Vienna Girardi,https://www.usmagazine.com/celebrities/vienna-girardi/
Vince Vaughn,https://www.usmagazine.com/celebrities/vince-vaughn/
Vinny Guadagnino,https://www.usmagazine.com/celebrities/vinny-guadagnino/
Viola Davis,https://www.usmagazine.com/celebrities/viola-davis/
Will Arnett,https://www.usmagazine.com/celebrities/will-arnett/
Wilmer Valderrama,https://www.usmagazine.com/celebrities/wilmer-valderrama/
Winona Ryder,https://www.usmagazine.com/celebrities/winona-ryder/
Wiz Khalifa,https://www.usmagazine.com/celebrities/wiz-khalifa/
Zac Efron,https://www.usmagazine.com/celebrities/zac-efron/
Zach Braff,https://www.usmagazine.com/celebrities/zach-braff/
Zach Galifianakis,https://www.usmagazine.com/celebrities/zach-galifianakis/
Zachary Levi,https://www.usmagazine.com/celebrities/zachary-levi/
Zachary Quinto,https://www.usmagazine.com/celebrities/zachary-quinto/
Zayn Malik,https://www.usmagazine.com/celebrities/zayn-malik/
Zoe Saldana,https://www.usmagazine.com/celebrities/zoe-saldana/
Zooey Deschanel,https://www.usmagazine.com/celebrities/zooey-deschanel/
